Workbook

Sheet Wedstrijden_beheer
A1: Tijd | B1: Thuis | C1: Uitslag | D1: Uit | E1: Roland | G1: Nikki | I1: Abdussamed | K1: Karsten | M1: Bas | O1: Maik | Q1: Simone | S1: Marc | U1: Tom | W1: Jos | Y1: Lesley | AA1: Ivo | AC1: Ron | AE1: Jeroen | AG1: Erwin | AI1: Tim | AK1: Kim | AM1: Kristel | AO1: Patrick | AQ1: Jeno | AS1: Andre | AU1: Raymond | AW1: _ActThuis | AX1: _ActUit
E2: Voorspelling | F2: Punten | G2: Voorspelling | H2: Punten | I2: Voorspelling | J2: Punten | K2: Voorspelling | L2: Punten | M2: Voorspelling | N2: Punten | O2: Voorspelling | P2: Punten | Q2: Voorspelling | R2: Punten | S2: Voorspelling | T2: Punten | U2: Voorspelling | V2: Punten | W2: Voorspelling | X2: Punten | Y2: Voorspelling | Z2: Punten | AA2: Voorspelling | AB2: Punten | AC2: Voorspelling | AD2: Punten | AE2: Voorspelling | AF2: Punten | AG2: Voorspelling | AH2: Punten | AI2: Voorspelling | AJ2: Punten | AK2: Voorspelling | AL2: Punten | AM2: Voorspelling | AN2: Punten | AO2: Voorspelling | AP2: Punten | AQ2: Voorspelling | AR2: Punten | AS2: Voorspelling | AT2: Punten | AU2: Voorspelling | AV2: Punten | AW2: _ActThuis | AX2: _ActUit
A3: Groepsfase
A4: donderdag 11 juni 2026
A5: 1.875 | B5: Mexico | C5: 2-0 | D5: Zuid-Afrika | E5: 2-1 | F5: =IF(OR($C5="",E5=""),"",IFERROR(IF(AND(IFERROR(--LEFT(E5,FIND("-",E5)-1),"")=AW5,IFERROR(--MID(E5,FIND("-",E5)+1,99),"")=AX5),10,5*(SIGN((IFERROR(--LEFT(E5,FIND("-",E5)-1),""))-(IFERROR(--MID(E5,FIND("-",E5)+1,99),"")))=SIGN((AW5)-(AX5)))+2*(((IFERROR(--LEFT(E5,FIND("-",E5)-1),""))-(IFERROR(--MID(E5,FIND("-",E5)+1,99),"")))=((AW5)-(AX5)))+2*((IFERROR(--LEFT(E5,FIND("-",E5)-1),""))=(AW5))+2*((IFERROR(--MID(E5,FIND("-",E5)+1,99),""))=(AX5))),"")) -> 7 | G5: 3-1 | H5: =IF(OR($C5="",G5=""),"",IFERROR(IF(AND(IFERROR(--LEFT(G5,FIND("-",G5)-1),"")=AW5,IFERROR(--MID(G5,FIND("-",G5)+1,99),"")=AX5),10,5*(SIGN((IFERROR(--LEFT(G5,FIND("-",G5)-1),""))-(IFERROR(--MID(G5,FIND("-",G5)+1,99),"")))=SIGN((AW5)-(AX5)))+2*(((IFERROR(--LEFT(G5,FIND("-",G5)-1),""))-(IFERROR(--MID(G5,FIND("-",G5)+1,99),"")))=((AW5)-(AX5)))+2*((IFERROR(--LEFT(G5,FIND("-",G5)-1),""))=(AW5))+2*((IFERROR(--MID(G5,FIND("-",G5)+1,99),""))=(AX5))),"")) -> 7 | I5: 1-1 | J5: =IF(OR($C5="",I5=""),"",IFERROR(IF(AND(IFERROR(--LEFT(I5,FIND("-",I5)-1),"")=AW5,IFERROR(--MID(I5,FIND("-",I5)+1,99),"")=AX5),10,5*(SIGN((IFERROR(--LEFT(I5,FIND("-",I5)-1),""))-(IFERROR(--MID(I5,FIND("-",I5)+1,99),"")))=SIGN((AW5)-(AX5)))+2*(((IFERROR(--LEFT(I5,FIND("-",I5)-1),""))-(IFERROR(--MID(I5,FIND("-",I5)+1,99),"")))=((AW5)-(AX5)))+2*((IFERROR(--LEFT(I5,FIND("-",I5)-1),""))=(AW5))+2*((IFERROR(--MID(I5,FIND("-",I5)+1,99),""))=(AX5))),"")) -> 0 | K5: 2-0 | L5: =IF(OR($C5="",K5=""),"",IFERROR(IF(AND(IFERROR(--LEFT(K5,FIND("-",K5)-1),"")=AW5,IFERROR(--MID(K5,FIND("-",K5)+1,99),"")=AX5),10,5*(SIGN((IFERROR(--LEFT(K5,FIND("-",K5)-1),""))-(IFERROR(--MID(K5,FIND("-",K5)+1,99),"")))=SIGN((AW5)-(AX5)))+2*(((IFERROR(--LEFT(K5,FIND("-",K5)-1),""))-(IFERROR(--MID(K5,FIND("-",K5)+1,99),"")))=((AW5)-(AX5)))+2*((IFERROR(--LEFT(K5,FIND("-",K5)-1),""))=(AW5))+2*((IFERROR(--MID(K5,FIND("-",K5)+1,99),""))=(AX5))),"")) -> 10 | M5: 2-1 | N5: =IF(OR($C5="",M5=""),"",IFERROR(IF(AND(IFERROR(--LEFT(M5,FIND("-",M5)-1),"")=AW5,IFERROR(--MID(M5,FIND("-",M5)+1,99),"")=AX5),10,5*(SIGN((IFERROR(--LEFT(M5,FIND("-",M5)-1),""))-(IFERROR(--MID(M5,FIND("-",M5)+1,99),"")))=SIGN((AW5)-(AX5)))+2*(((IFERROR(--LEFT(M5,FIND("-",M5)-1),""))-(IFERROR(--MID(M5,FIND("-",M5)+1,99),"")))=((AW5)-(AX5)))+2*((IFERROR(--LEFT(M5,FIND("-",M5)-1),""))=(AW5))+2*((IFERROR(--MID(M5,FIND("-",M5)+1,99),""))=(AX5))),"")) -> 7 | O5: 2-0 | P5: =IF(OR($C5="",O5=""),"",IFERROR(IF(AND(IFERROR(--LEFT(O5,FIND("-",O5)-1),"")=AW5,IFERROR(--MID(O5,FIND("-",O5)+1,99),"")=AX5),10,5*(SIGN((IFERROR(--LEFT(O5,FIND("-",O5)-1),""))-(IFERROR(--MID(O5,FIND("-",O5)+1,99),"")))=SIGN((AW5)-(AX5)))+2*(((IFERROR(--LEFT(O5,FIND("-",O5)-1),""))-(IFERROR(--MID(O5,FIND("-",O5)+1,99),"")))=((AW5)-(AX5)))+2*((IFERROR(--LEFT(O5,FIND("-",O5)-1),""))=(AW5))+2*((IFERROR(--MID(O5,FIND("-",O5)+1,99),""))=(AX5))),"")) -> 10 | Q5: 1-2 | R5: =IF(OR($C5="",Q5=""),"",IFERROR(IF(AND(IFERROR(--LEFT(Q5,FIND("-",Q5)-1),"")=AW5,IFERROR(--MID(Q5,FIND("-",Q5)+1,99),"")=AX5),10,5*(SIGN((IFERROR(--LEFT(Q5,FIND("-",Q5)-1),""))-(IFERROR(--MID(Q5,FIND("-",Q5)+1,99),"")))=SIGN((AW5)-(AX5)))+2*(((IFERROR(--LEFT(Q5,FIND("-",Q5)-1),""))-(IFERROR(--MID(Q5,FIND("-",Q5)+1,99),"")))=((AW5)-(AX5)))+2*((IFERROR(--LEFT(Q5,FIND("-",Q5)-1),""))=(AW5))+2*((IFERROR(--MID(Q5,FIND("-",Q5)+1,99),""))=(AX5))),"")) -> 0 | S5: 3-1 | T5: =IF(OR($C5="",S5=""),"",IFERROR(IF(AND(IFERROR(--LEFT(S5,FIND("-",S5)-1),"")=AW5,IFERROR(--MID(S5,FIND("-",S5)+1,99),"")=AX5),10,5*(SIGN((IFERROR(--LEFT(S5,FIND("-",S5)-1),""))-(IFERROR(--MID(S5,FIND("-",S5)+1,99),"")))=SIGN((AW5)-(AX5)))+2*(((IFERROR(--LEFT(S5,FIND("-",S5)-1),""))-(IFERROR(--MID(S5,FIND("-",S5)+1,99),"")))=((AW5)-(AX5)))+2*((IFERROR(--LEFT(S5,FIND("-",S5)-1),""))=(AW5))+2*((IFERROR(--MID(S5,FIND("-",S5)+1,99),""))=(AX5))),"")) -> 7 | U5: 2-0 | V5: =IF(OR($C5="",U5=""),"",IFERROR(IF(AND(IFERROR(--LEFT(U5,FIND("-",U5)-1),"")=AW5,IFERROR(--MID(U5,FIND("-",U5)+1,99),"")=AX5),10,5*(SIGN((IFERROR(--LEFT(U5,FIND("-",U5)-1),""))-(IFERROR(--MID(U5,FIND("-",U5)+1,99),"")))=SIGN((AW5)-(AX5)))+2*(((IFERROR(--LEFT(U5,FIND("-",U5)-1),""))-(IFERROR(--MID(U5,FIND("-",U5)+1,99),"")))=((AW5)-(AX5)))+2*((IFERROR(--LEFT(U5,FIND("-",U5)-1),""))=(AW5))+2*((IFERROR(--MID(U5,FIND("-",U5)+1,99),""))=(AX5))),"")) -> 10 | W5: 2-0 | X5: =IF(OR($C5="",W5=""),"",IFERROR(IF(AND(IFERROR(--LEFT(W5,FIND("-",W5)-1),"")=AW5,IFERROR(--MID(W5,FIND("-",W5)+1,99),"")=AX5),10,5*(SIGN((IFERROR(--LEFT(W5,FIND("-",W5)-1),""))-(IFERROR(--MID(W5,FIND("-",W5)+1,99),"")))=SIGN((AW5)-(AX5)))+2*(((IFERROR(--LEFT(W5,FIND("-",W5)-1),""))-(IFERROR(--MID(W5,FIND("-",W5)+1,99),"")))=((AW5)-(AX5)))+2*((IFERROR(--LEFT(W5,FIND("-",W5)-1),""))=(AW5))+2*((IFERROR(--MID(W5,FIND("-",W5)+1,99),""))=(AX5))),"")) -> 10 | Y5: 2-0 | Z5: =IF(OR($C5="",Y5=""),"",IFERROR(IF(AND(IFERROR(--LEFT(Y5,FIND("-",Y5)-1),"")=AW5,IFERROR(--MID(Y5,FIND("-",Y5)+1,99),"")=AX5),10,5*(SIGN((IFERROR(--LEFT(Y5,FIND("-",Y5)-1),""))-(IFERROR(--MID(Y5,FIND("-",Y5)+1,99),"")))=SIGN((AW5)-(AX5)))+2*(((IFERROR(--LEFT(Y5,FIND("-",Y5)-1),""))-(IFERROR(--MID(Y5,FIND("-",Y5)+1,99),"")))=((AW5)-(AX5)))+2*((IFERROR(--LEFT(Y5,FIND("-",Y5)-1),""))=(AW5))+2*((IFERROR(--MID(Y5,FIND("-",Y5)+1,99),""))=(AX5))),"")) -> 10 | AA5: 2-1 | AB5: =IF(OR($C5="",AA5=""),"",IFERROR(IF(AND(IFERROR(--LEFT(AA5,FIND("-",AA5)-1),"")=AW5,IFERROR(--MID(AA5,FIND("-",AA5)+1,99),"")=AX5),10,5*(SIGN((IFERROR(--LEFT(AA5,FIND("-",AA5)-1),""))-(IFERROR(--MID(AA5,FIND("-",AA5)+1,99),"")))=SIGN((AW5)-(AX5)))+2*(((IFERROR(--LEFT(AA5,FIND("-",AA5)-1),""))-(IFERROR(--MID(AA5,FIND("-",AA5)+1,99),"")))=((AW5)-(AX5)))+2*((IFERROR(--LEFT(AA5,FIND("-",AA5)-1),""))=(AW5))+2*((IFERROR(--MID(AA5,FIND("-",AA5)+1,99),""))=(AX5))),"")) -> 7 | AC5: 2-1 | AD5: =IF(OR($C5="",AC5=""),"",IFERROR(IF(AND(IFERROR(--LEFT(AC5,FIND("-",AC5)-1),"")=AW5,IFERROR(--MID(AC5,FIND("-",AC5)+1,99),"")=AX5),10,5*(SIGN((IFERROR(--LEFT(AC5,FIND("-",AC5)-1),""))-(IFERROR(--MID(AC5,FIND("-",AC5)+1,99),"")))=SIGN((AW5)-(AX5)))+2*(((IFERROR(--LEFT(AC5,FIND("-",AC5)-1),""))-(IFERROR(--MID(AC5,FIND("-",AC5)+1,99),"")))=((AW5)-(AX5)))+2*((IFERROR(--LEFT(AC5,FIND("-",AC5)-1),""))=(AW5))+2*((IFERROR(--MID(AC5,FIND("-",AC5)+1,99),""))=(AX5))),"")) -> 7 | AE5: 2-1 | AF5: =IF(OR($C5="",AE5=""),"",IFERROR(IF(AND(IFERROR(--LEFT(AE5,FIND("-",AE5)-1),"")=AW5,IFERROR(--MID(AE5,FIND("-",AE5)+1,99),"")=AX5),10,5*(SIGN((IFERROR(--LEFT(AE5,FIND("-",AE5)-1),""))-(IFERROR(--MID(AE5,FIND("-",AE5)+1,99),"")))=SIGN((AW5)-(AX5)))+2*(((IFERROR(--LEFT(AE5,FIND("-",AE5)-1),""))-(IFERROR(--MID(AE5,FIND("-",AE5)+1,99),"")))=((AW5)-(AX5)))+2*((IFERROR(--LEFT(AE5,FIND("-",AE5)-1),""))=(AW5))+2*((IFERROR(--MID(AE5,FIND("-",AE5)+1,99),""))=(AX5))),"")) -> 7 | AG5: 2-0 | AH5: =IF(OR($C5="",AG5=""),"",IFERROR(IF(AND(IFERROR(--LEFT(AG5,FIND("-",AG5)-1),"")=AW5,IFERROR(--MID(AG5,FIND("-",AG5)+1,99),"")=AX5),10,5*(SIGN((IFERROR(--LEFT(AG5,FIND("-",AG5)-1),""))-(IFERROR(--MID(AG5,FIND("-",AG5)+1,99),"")))=SIGN((AW5)-(AX5)))+2*(((IFERROR(--LEFT(AG5,FIND("-",AG5)-1),""))-(IFERROR(--MID(AG5,FIND("-",AG5)+1,99),"")))=((AW5)-(AX5)))+2*((IFERROR(--LEFT(AG5,FIND("-",AG5)-1),""))=(AW5))+2*((IFERROR(--MID(AG5,FIND("-",AG5)+1,99),""))=(AX5))),"")) -> 10 | AI5: 3-1 | AJ5: =IF(OR($C5="",AI5=""),"",IFERROR(IF(AND(IFERROR(--LEFT(AI5,FIND("-",AI5)-1),"")=AW5,IFERROR(--MID(AI5,FIND("-",AI5)+1,99),"")=AX5),10,5*(SIGN((IFERROR(--LEFT(AI5,FIND("-",AI5)-1),""))-(IFERROR(--MID(AI5,FIND("-",AI5)+1,99),"")))=SIGN((AW5)-(AX5)))+2*(((IFERROR(--LEFT(AI5,FIND("-",AI5)-1),""))-(IFERROR(--MID(AI5,FIND("-",AI5)+1,99),"")))=((AW5)-(AX5)))+2*((IFERROR(--LEFT(AI5,FIND("-",AI5)-1),""))=(AW5))+2*((IFERROR(--MID(AI5,FIND("-",AI5)+1,99),""))=(AX5))),"")) -> 7 | AK5: 2-0 | AL5: =IF(OR($C5="",AK5=""),"",IFERROR(IF(AND(IFERROR(--LEFT(AK5,FIND("-",AK5)-1),"")=AW5,IFERROR(--MID(AK5,FIND("-",AK5)+1,99),"")=AX5),10,5*(SIGN((IFERROR(--LEFT(AK5,FIND("-",AK5)-1),""))-(IFERROR(--MID(AK5,FIND("-",AK5)+1,99),"")))=SIGN((AW5)-(AX5)))+2*(((IFERROR(--LEFT(AK5,FIND("-",AK5)-1),""))-(IFERROR(--MID(AK5,FIND("-",AK5)+1,99),"")))=((AW5)-(AX5)))+2*((IFERROR(--LEFT(AK5,FIND("-",AK5)-1),""))=(AW5))+2*((IFERROR(--MID(AK5,FIND("-",AK5)+1,99),""))=(AX5))),"")) -> 10 | AM5: 3-0 | AN5: =IF(OR($C5="",AM5=""),"",IFERROR(IF(AND(IFERROR(--LEFT(AM5,FIND("-",AM5)-1),"")=AW5,IFERROR(--MID(AM5,FIND("-",AM5)+1,99),"")=AX5),10,5*(SIGN((IFERROR(--LEFT(AM5,FIND("-",AM5)-1),""))-(IFERROR(--MID(AM5,FIND("-",AM5)+1,99),"")))=SIGN((AW5)-(AX5)))+2*(((IFERROR(--LEFT(AM5,FIND("-",AM5)-1),""))-(IFERROR(--MID(AM5,FIND("-",AM5)+1,99),"")))=((AW5)-(AX5)))+2*((IFERROR(--LEFT(AM5,FIND("-",AM5)-1),""))=(AW5))+2*((IFERROR(--MID(AM5,FIND("-",AM5)+1,99),""))=(AX5))),"")) -> 7 | AO5: 3-1 | AP5: =IF(OR($C5="",AO5=""),"",IFERROR(IF(AND(IFERROR(--LEFT(AO5,FIND("-",AO5)-1),"")=AW5,IFERROR(--MID(AO5,FIND("-",AO5)+1,99),"")=AX5),10,5*(SIGN((IFERROR(--LEFT(AO5,FIND("-",AO5)-1),""))-(IFERROR(--MID(AO5,FIND("-",AO5)+1,99),"")))=SIGN((AW5)-(AX5)))+2*(((IFERROR(--LEFT(AO5,FIND("-",AO5)-1),""))-(IFERROR(--MID(AO5,FIND("-",AO5)+1,99),"")))=((AW5)-(AX5)))+2*((IFERROR(--LEFT(AO5,FIND("-",AO5)-1),""))=(AW5))+2*((IFERROR(--MID(AO5,FIND("-",AO5)+1,99),""))=(AX5))),"")) -> 7 | AQ5: 2-0 | AR5: =IF(OR($C5="",AQ5=""),"",IFERROR(IF(AND(IFERROR(--LEFT(AQ5,FIND("-",AQ5)-1),"")=AW5,IFERROR(--MID(AQ5,FIND("-",AQ5)+1,99),"")=AX5),10,5*(SIGN((IFERROR(--LEFT(AQ5,FIND("-",AQ5)-1),""))-(IFERROR(--MID(AQ5,FIND("-",AQ5)+1,99),"")))=SIGN((AW5)-(AX5)))+2*(((IFERROR(--LEFT(AQ5,FIND("-",AQ5)-1),""))-(IFERROR(--MID(AQ5,FIND("-",AQ5)+1,99),"")))=((AW5)-(AX5)))+2*((IFERROR(--LEFT(AQ5,FIND("-",AQ5)-1),""))=(AW5))+2*((IFERROR(--MID(AQ5,FIND("-",AQ5)+1,99),""))=(AX5))),"")) -> 10 | AS5: 2-1 | AT5: =IF(OR($C5="",AS5=""),"",IFERROR(IF(AND(IFERROR(--LEFT(AS5,FIND("-",AS5)-1),"")=AW5,IFERROR(--MID(AS5,FIND("-",AS5)+1,99),"")=AX5),10,5*(SIGN((IFERROR(--LEFT(AS5,FIND("-",AS5)-1),""))-(IFERROR(--MID(AS5,FIND("-",AS5)+1,99),"")))=SIGN((AW5)-(AX5)))+2*(((IFERROR(--LEFT(AS5,FIND("-",AS5)-1),""))-(IFERROR(--MID(AS5,FIND("-",AS5)+1,99),"")))=((AW5)-(AX5)))+2*((IFERROR(--LEFT(AS5,FIND("-",AS5)-1),""))=(AW5))+2*((IFERROR(--MID(AS5,FIND("-",AS5)+1,99),""))=(AX5))),"")) -> 7 | AU5: 1-0 | AV5: =IF(OR($C5="",AU5=""),"",IFERROR(IF(AND(IFERROR(--LEFT(AU5,FIND("-",AU5)-1),"")=AW5,IFERROR(--MID(AU5,FIND("-",AU5)+1,99),"")=AX5),10,5*(SIGN((IFERROR(--LEFT(AU5,FIND("-",AU5)-1),""))-(IFERROR(--MID(AU5,FIND("-",AU5)+1,99),"")))=SIGN((AW5)-(AX5)))+2*(((IFERROR(--LEFT(AU5,FIND("-",AU5)-1),""))-(IFERROR(--MID(AU5,FIND("-",AU5)+1,99),"")))=((AW5)-(AX5)))+2*((IFERROR(--LEFT(AU5,FIND("-",AU5)-1),""))=(AW5))+2*((IFERROR(--MID(AU5,FIND("-",AU5)+1,99),""))=(AX5))),"")) -> 7 | AW5: =IF($C5="","",IFERROR(--LEFT($C5,FIND("-",$C5)-1),"")) -> 2 | AX5: =IF($C5="","",IFERROR(--MID($C5,FIND("-",$C5)+1,99),"")) -> 0
AR6: =IF(OR($C6="",AQ6=""),"",IFERROR(IF(AND(IFERROR(--LEFT(AQ6,FIND("-",AQ6)-1),"")=AW6,IFERROR(--MID(AQ6,FIND("-",AQ6)+1,99),"")=AX6),10,5*(SIGN((IFERROR(--LEFT(AQ6,FIND("-",AQ6)-1),""))-(IFERROR(--MID(AQ6,FIND("-",AQ6)+1,99),"")))=SIGN((AW6)-(AX6)))+2*(((IFERROR(--LEFT(AQ6,FIND("-",AQ6)-1),""))-(IFERROR(--MID(AQ6,FIND("-",AQ6)+1,99),"")))=((AW6)-(AX6)))+2*((IFERROR(--LEFT(AQ6,FIND("-",AQ6)-1),""))=(AW6))+2*((IFERROR(--MID(AQ6,FIND("-",AQ6)+1,99),""))=(AX6))),"")) | AT6: =IF(OR($C6="",AS6=""),"",IFERROR(IF(AND(IFERROR(--LEFT(AS6,FIND("-",AS6)-1),"")=AW6,IFERROR(--MID(AS6,FIND("-",AS6)+1,99),"")=AX6),10,5*(SIGN((IFERROR(--LEFT(AS6,FIND("-",AS6)-1),""))-(IFERROR(--MID(AS6,FIND("-",AS6)+1,99),"")))=SIGN((AW6)-(AX6)))+2*(((IFERROR(--LEFT(AS6,FIND("-",AS6)-1),""))-(IFERROR(--MID(AS6,FIND("-",AS6)+1,99),"")))=((AW6)-(AX6)))+2*((IFERROR(--LEFT(AS6,FIND("-",AS6)-1),""))=(AW6))+2*((IFERROR(--MID(AS6,FIND("-",AS6)+1,99),""))=(AX6))),""))
A7: vrijdag 12 juni 2026
A8: 1.1666667 | B8: Zuid-Korea | C8: 2-1 | D8: Tsjechië | E8: 1-1 | F8: =IF(OR($C8="",E8=""),"",IFERROR(IF(AND(IFERROR(--LEFT(E8,FIND("-",E8)-1),"")=AW8,IFERROR(--MID(E8,FIND("-",E8)+1,99),"")=AX8),10,5*(SIGN((IFERROR(--LEFT(E8,FIND("-",E8)-1),""))-(IFERROR(--MID(E8,FIND("-",E8)+1,99),"")))=SIGN((AW8)-(AX8)))+2*(((IFERROR(--LEFT(E8,FIND("-",E8)-1),""))-(IFERROR(--MID(E8,FIND("-",E8)+1,99),"")))=((AW8)-(AX8)))+2*((IFERROR(--LEFT(E8,FIND("-",E8)-1),""))=(AW8))+2*((IFERROR(--MID(E8,FIND("-",E8)+1,99),""))=(AX8))),"")) -> 2 | G8: 4-1 | H8: =IF(OR($C8="",G8=""),"",IFERROR(IF(AND(IFERROR(--LEFT(G8,FIND("-",G8)-1),"")=AW8,IFERROR(--MID(G8,FIND("-",G8)+1,99),"")=AX8),10,5*(SIGN((IFERROR(--LEFT(G8,FIND("-",G8)-1),""))-(IFERROR(--MID(G8,FIND("-",G8)+1,99),"")))=SIGN((AW8)-(AX8)))+2*(((IFERROR(--LEFT(G8,FIND("-",G8)-1),""))-(IFERROR(--MID(G8,FIND("-",G8)+1,99),"")))=((AW8)-(AX8)))+2*((IFERROR(--LEFT(G8,FIND("-",G8)-1),""))=(AW8))+2*((IFERROR(--MID(G8,FIND("-",G8)+1,99),""))=(AX8))),"")) -> 7 | I8: 1-0 | J8: =IF(OR($C8="",I8=""),"",IFERROR(IF(AND(IFERROR(--LEFT(I8,FIND("-",I8)-1),"")=AW8,IFERROR(--MID(I8,FIND("-",I8)+1,99),"")=AX8),10,5*(SIGN((IFERROR(--LEFT(I8,FIND("-",I8)-1),""))-(IFERROR(--MID(I8,FIND("-",I8)+1,99),"")))=SIGN((AW8)-(AX8)))+2*(((IFERROR(--LEFT(I8,FIND("-",I8)-1),""))-(IFERROR(--MID(I8,FIND("-",I8)+1,99),"")))=((AW8)-(AX8)))+2*((IFERROR(--LEFT(I8,FIND("-",I8)-1),""))=(AW8))+2*((IFERROR(--MID(I8,FIND("-",I8)+1,99),""))=(AX8))),"")) -> 7 | K8: 1-1 | L8: =IF(OR($C8="",K8=""),"",IFERROR(IF(AND(IFERROR(--LEFT(K8,FIND("-",K8)-1),"")=AW8,IFERROR(--MID(K8,FIND("-",K8)+1,99),"")=AX8),10,5*(SIGN((IFERROR(--LEFT(K8,FIND("-",K8)-1),""))-(IFERROR(--MID(K8,FIND("-",K8)+1,99),"")))=SIGN((AW8)-(AX8)))+2*(((IFERROR(--LEFT(K8,FIND("-",K8)-1),""))-(IFERROR(--MID(K8,FIND("-",K8)+1,99),"")))=((AW8)-(AX8)))+2*((IFERROR(--LEFT(K8,FIND("-",K8)-1),""))=(AW8))+2*((IFERROR(--MID(K8,FIND("-",K8)+1,99),""))=(AX8))),"")) -> 2 | M8: 1-2 | N8: =IF(OR($C8="",M8=""),"",IFERROR(IF(AND(IFERROR(--LEFT(M8,FIND("-",M8)-1),"")=AW8,IFERROR(--MID(M8,FIND("-",M8)+1,99),"")=AX8),10,5*(SIGN((IFERROR(--LEFT(M8,FIND("-",M8)-1),""))-(IFERROR(--MID(M8,FIND("-",M8)+1,99),"")))=SIGN((AW8)-(AX8)))+2*(((IFERROR(--LEFT(M8,FIND("-",M8)-1),""))-(IFERROR(--MID(M8,FIND("-",M8)+1,99),"")))=((AW8)-(AX8)))+2*((IFERROR(--LEFT(M8,FIND("-",M8)-1),""))=(AW8))+2*((IFERROR(--MID(M8,FIND("-",M8)+1,99),""))=(AX8))),"")) -> 0 | O8: 1-1 | P8: =IF(OR($C8="",O8=""),"",IFERROR(IF(AND(IFERROR(--LEFT(O8,FIND("-",O8)-1),"")=AW8,IFERROR(--MID(O8,FIND("-",O8)+1,99),"")=AX8),10,5*(SIGN((IFERROR(--LEFT(O8,FIND("-",O8)-1),""))-(IFERROR(--MID(O8,FIND("-",O8)+1,99),"")))=SIGN((AW8)-(AX8)))+2*(((IFERROR(--LEFT(O8,FIND("-",O8)-1),""))-(IFERROR(--MID(O8,FIND("-",O8)+1,99),"")))=((AW8)-(AX8)))+2*((IFERROR(--LEFT(O8,FIND("-",O8)-1),""))=(AW8))+2*((IFERROR(--MID(O8,FIND("-",O8)+1,99),""))=(AX8))),"")) -> 2 | Q8: 2-3 | R8: =IF(OR($C8="",Q8=""),"",IFERROR(IF(AND(IFERROR(--LEFT(Q8,FIND("-",Q8)-1),"")=AW8,IFERROR(--MID(Q8,FIND("-",Q8)+1,99),"")=AX8),10,5*(SIGN((IFERROR(--LEFT(Q8,FIND("-",Q8)-1),""))-(IFERROR(--MID(Q8,FIND("-",Q8)+1,99),"")))=SIGN((AW8)-(AX8)))+2*(((IFERROR(--LEFT(Q8,FIND("-",Q8)-1),""))-(IFERROR(--MID(Q8,FIND("-",Q8)+1,99),"")))=((AW8)-(AX8)))+2*((IFERROR(--LEFT(Q8,FIND("-",Q8)-1),""))=(AW8))+2*((IFERROR(--MID(Q8,FIND("-",Q8)+1,99),""))=(AX8))),"")) -> 2 | S8: 1-1 | T8: =IF(OR($C8="",S8=""),"",IFERROR(IF(AND(IFERROR(--LEFT(S8,FIND("-",S8)-1),"")=AW8,IFERROR(--MID(S8,FIND("-",S8)+1,99),"")=AX8),10,5*(SIGN((IFERROR(--LEFT(S8,FIND("-",S8)-1),""))-(IFERROR(--MID(S8,FIND("-",S8)+1,99),"")))=SIGN((AW8)-(AX8)))+2*(((IFERROR(--LEFT(S8,FIND("-",S8)-1),""))-(IFERROR(--MID(S8,FIND("-",S8)+1,99),"")))=((AW8)-(AX8)))+2*((IFERROR(--LEFT(S8,FIND("-",S8)-1),""))=(AW8))+2*((IFERROR(--MID(S8,FIND("-",S8)+1,99),""))=(AX8))),"")) -> 2 | U8: 1-1 | V8: =IF(OR($C8="",U8=""),"",IFERROR(IF(AND(IFERROR(--LEFT(U8,FIND("-",U8)-1),"")=AW8,IFERROR(--MID(U8,FIND("-",U8)+1,99),"")=AX8),10,5*(SIGN((IFERROR(--LEFT(U8,FIND("-",U8)-1),""))-(IFERROR(--MID(U8,FIND("-",U8)+1,99),"")))=SIGN((AW8)-(AX8)))+2*(((IFERROR(--LEFT(U8,FIND("-",U8)-1),""))-(IFERROR(--MID(U8,FIND("-",U8)+1,99),"")))=((AW8)-(AX8)))+2*((IFERROR(--LEFT(U8,FIND("-",U8)-1),""))=(AW8))+2*((IFERROR(--MID(U8,FIND("-",U8)+1,99),""))=(AX8))),"")) -> 2 | W8: 1-1 | X8: =IF(OR($C8="",W8=""),"",IFERROR(IF(AND(IFERROR(--LEFT(W8,FIND("-",W8)-1),"")=AW8,IFERROR(--MID(W8,FIND("-",W8)+1,99),"")=AX8),10,5*(SIGN((IFERROR(--LEFT(W8,FIND("-",W8)-1),""))-(IFERROR(--MID(W8,FIND("-",W8)+1,99),"")))=SIGN((AW8)-(AX8)))+2*(((IFERROR(--LEFT(W8,FIND("-",W8)-1),""))-(IFERROR(--MID(W8,FIND("-",W8)+1,99),"")))=((AW8)-(AX8)))+2*((IFERROR(--LEFT(W8,FIND("-",W8)-1),""))=(AW8))+2*((IFERROR(--MID(W8,FIND("-",W8)+1,99),""))=(AX8))),"")) -> 2 | Y8: 1-1 | Z8: =IF(OR($C8="",Y8=""),"",IFERROR(IF(AND(IFERROR(--LEFT(Y8,FIND("-",Y8)-1),"")=AW8,IFERROR(--MID(Y8,FIND("-",Y8)+1,99),"")=AX8),10,5*(SIGN((IFERROR(--LEFT(Y8,FIND("-",Y8)-1),""))-(IFERROR(--MID(Y8,FIND("-",Y8)+1,99),"")))=SIGN((AW8)-(AX8)))+2*(((IFERROR(--LEFT(Y8,FIND("-",Y8)-1),""))-(IFERROR(--MID(Y8,FIND("-",Y8)+1,99),"")))=((AW8)-(AX8)))+2*((IFERROR(--LEFT(Y8,FIND("-",Y8)-1),""))=(AW8))+2*((IFERROR(--MID(Y8,FIND("-",Y8)+1,99),""))=(AX8))),"")) -> 2 | AA8: 0-1 | AB8: =IF(OR($C8="",AA8=""),"",IFERROR(IF(AND(IFERROR(--LEFT(AA8,FIND("-",AA8)-1),"")=AW8,IFERROR(--MID(AA8,FIND("-",AA8)+1,99),"")=AX8),10,5*(SIGN((IFERROR(--LEFT(AA8,FIND("-",AA8)-1),""))-(IFERROR(--MID(AA8,FIND("-",AA8)+1,99),"")))=SIGN((AW8)-(AX8)))+2*(((IFERROR(--LEFT(AA8,FIND("-",AA8)-1),""))-(IFERROR(--MID(AA8,FIND("-",AA8)+1,99),"")))=((AW8)-(AX8)))+2*((IFERROR(--LEFT(AA8,FIND("-",AA8)-1),""))=(AW8))+2*((IFERROR(--MID(AA8,FIND("-",AA8)+1,99),""))=(AX8))),"")) -> 2 | AC8: 1-1 | AD8: =IF(OR($C8="",AC8=""),"",IFERROR(IF(AND(IFERROR(--LEFT(AC8,FIND("-",AC8)-1),"")=AW8,IFERROR(--MID(AC8,FIND("-",AC8)+1,99),"")=AX8),10,5*(SIGN((IFERROR(--LEFT(AC8,FIND("-",AC8)-1),""))-(IFERROR(--MID(AC8,FIND("-",AC8)+1,99),"")))=SIGN((AW8)-(AX8)))+2*(((IFERROR(--LEFT(AC8,FIND("-",AC8)-1),""))-(IFERROR(--MID(AC8,FIND("-",AC8)+1,99),"")))=((AW8)-(AX8)))+2*((IFERROR(--LEFT(AC8,FIND("-",AC8)-1),""))=(AW8))+2*((IFERROR(--MID(AC8,FIND("-",AC8)+1,99),""))=(AX8))),"")) -> 2 | AE8: 1-2 | AF8: =IF(OR($C8="",AE8=""),"",IFERROR(IF(AND(IFERROR(--LEFT(AE8,FIND("-",AE8)-1),"")=AW8,IFERROR(--MID(AE8,FIND("-",AE8)+1,99),"")=AX8),10,5*(SIGN((IFERROR(--LEFT(AE8,FIND("-",AE8)-1),""))-(IFERROR(--MID(AE8,FIND("-",AE8)+1,99),"")))=SIGN((AW8)-(AX8)))+2*(((IFERROR(--LEFT(AE8,FIND("-",AE8)-1),""))-(IFERROR(--MID(AE8,FIND("-",AE8)+1,99),"")))=((AW8)-(AX8)))+2*((IFERROR(--LEFT(AE8,FIND("-",AE8)-1),""))=(AW8))+2*((IFERROR(--MID(AE8,FIND("-",AE8)+1,99),""))=(AX8))),"")) -> 0 | AG8: 0-1 | AH8: =IF(OR($C8="",AG8=""),"",IFERROR(IF(AND(IFERROR(--LEFT(AG8,FIND("-",AG8)-1),"")=AW8,IFERROR(--MID(AG8,FIND("-",AG8)+1,99),"")=AX8),10,5*(SIGN((IFERROR(--LEFT(AG8,FIND("-",AG8)-1),""))-(IFERROR(--MID(AG8,FIND("-",AG8)+1,99),"")))=SIGN((AW8)-(AX8)))+2*(((IFERROR(--LEFT(AG8,FIND("-",AG8)-1),""))-(IFERROR(--MID(AG8,FIND("-",AG8)+1,99),"")))=((AW8)-(AX8)))+2*((IFERROR(--LEFT(AG8,FIND("-",AG8)-1),""))=(AW8))+2*((IFERROR(--MID(AG8,FIND("-",AG8)+1,99),""))=(AX8))),"")) -> 2 | AI8: 2-3 | AJ8: =IF(OR($C8="",AI8=""),"",IFERROR(IF(AND(IFERROR(--LEFT(AI8,FIND("-",AI8)-1),"")=AW8,IFERROR(--MID(AI8,FIND("-",AI8)+1,99),"")=AX8),10,5*(SIGN((IFERROR(--LEFT(AI8,FIND("-",AI8)-1),""))-(IFERROR(--MID(AI8,FIND("-",AI8)+1,99),"")))=SIGN((AW8)-(AX8)))+2*(((IFERROR(--LEFT(AI8,FIND("-",AI8)-1),""))-(IFERROR(--MID(AI8,FIND("-",AI8)+1,99),"")))=((AW8)-(AX8)))+2*((IFERROR(--LEFT(AI8,FIND("-",AI8)-1),""))=(AW8))+2*((IFERROR(--MID(AI8,FIND("-",AI8)+1,99),""))=(AX8))),"")) -> 2 | AK8: 1-1 | AL8: =IF(OR($C8="",AK8=""),"",IFERROR(IF(AND(IFERROR(--LEFT(AK8,FIND("-",AK8)-1),"")=AW8,IFERROR(--MID(AK8,FIND("-",AK8)+1,99),"")=AX8),10,5*(SIGN((IFERROR(--LEFT(AK8,FIND("-",AK8)-1),""))-(IFERROR(--MID(AK8,FIND("-",AK8)+1,99),"")))=SIGN((AW8)-(AX8)))+2*(((IFERROR(--LEFT(AK8,FIND("-",AK8)-1),""))-(IFERROR(--MID(AK8,FIND("-",AK8)+1,99),"")))=((AW8)-(AX8)))+2*((IFERROR(--LEFT(AK8,FIND("-",AK8)-1),""))=(AW8))+2*((IFERROR(--MID(AK8,FIND("-",AK8)+1,99),""))=(AX8))),"")) -> 2 | AM8: 2-1 | AN8: =IF(OR($C8="",AM8=""),"",IFERROR(IF(AND(IFERROR(--LEFT(AM8,FIND("-",AM8)-1),"")=AW8,IFERROR(--MID(AM8,FIND("-",AM8)+1,99),"")=AX8),10,5*(SIGN((IFERROR(--LEFT(AM8,FIND("-",AM8)-1),""))-(IFERROR(--MID(AM8,FIND("-",AM8)+1,99),"")))=SIGN((AW8)-(AX8)))+2*(((IFERROR(--LEFT(AM8,FIND("-",AM8)-1),""))-(IFERROR(--MID(AM8,FIND("-",AM8)+1,99),"")))=((AW8)-(AX8)))+2*((IFERROR(--LEFT(AM8,FIND("-",AM8)-1),""))=(AW8))+2*((IFERROR(--MID(AM8,FIND("-",AM8)+1,99),""))=(AX8))),"")) -> 10 | AO8: 1-1 | AP8: =IF(OR($C8="",AO8=""),"",IFERROR(IF(AND(IFERROR(--LEFT(AO8,FIND("-",AO8)-1),"")=AW8,IFERROR(--MID(AO8,FIND("-",AO8)+1,99),"")=AX8),10,5*(SIGN((IFERROR(--LEFT(AO8,FIND("-",AO8)-1),""))-(IFERROR(--MID(AO8,FIND("-",AO8)+1,99),"")))=SIGN((AW8)-(AX8)))+2*(((IFERROR(--LEFT(AO8,FIND("-",AO8)-1),""))-(IFERROR(--MID(AO8,FIND("-",AO8)+1,99),"")))=((AW8)-(AX8)))+2*((IFERROR(--LEFT(AO8,FIND("-",AO8)-1),""))=(AW8))+2*((IFERROR(--MID(AO8,FIND("-",AO8)+1,99),""))=(AX8))),"")) -> 2 | AQ8: 1-1 | AR8: =IF(OR($C8="",AQ8=""),"",IFERROR(IF(AND(IFERROR(--LEFT(AQ8,FIND("-",AQ8)-1),"")=AW8,IFERROR(--MID(AQ8,FIND("-",AQ8)+1,99),"")=AX8),10,5*(SIGN((IFERROR(--LEFT(AQ8,FIND("-",AQ8)-1),""))-(IFERROR(--MID(AQ8,FIND("-",AQ8)+1,99),"")))=SIGN((AW8)-(AX8)))+2*(((IFERROR(--LEFT(AQ8,FIND("-",AQ8)-1),""))-(IFERROR(--MID(AQ8,FIND("-",AQ8)+1,99),"")))=((AW8)-(AX8)))+2*((IFERROR(--LEFT(AQ8,FIND("-",AQ8)-1),""))=(AW8))+2*((IFERROR(--MID(AQ8,FIND("-",AQ8)+1,99),""))=(AX8))),"")) -> 2 | AS8: 2-2 | AT8: =IF(OR($C8="",AS8=""),"",IFERROR(IF(AND(IFERROR(--LEFT(AS8,FIND("-",AS8)-1),"")=AW8,IFERROR(--MID(AS8,FIND("-",AS8)+1,99),"")=AX8),10,5*(SIGN((IFERROR(--LEFT(AS8,FIND("-",AS8)-1),""))-(IFERROR(--MID(AS8,FIND("-",AS8)+1,99),"")))=SIGN((AW8)-(AX8)))+2*(((IFERROR(--LEFT(AS8,FIND("-",AS8)-1),""))-(IFERROR(--MID(AS8,FIND("-",AS8)+1,99),"")))=((AW8)-(AX8)))+2*((IFERROR(--LEFT(AS8,FIND("-",AS8)-1),""))=(AW8))+2*((IFERROR(--MID(AS8,FIND("-",AS8)+1,99),""))=(AX8))),"")) -> 2 | AU8: 1-0 | AV8: =IF(OR($C8="",AU8=""),"",IFERROR(IF(AND(IFERROR(--LEFT(AU8,FIND("-",AU8)-1),"")=AW8,IFERROR(--MID(AU8,FIND("-",AU8)+1,99),"")=AX8),10,5*(SIGN((IFERROR(--LEFT(AU8,FIND("-",AU8)-1),""))-(IFERROR(--MID(AU8,FIND("-",AU8)+1,99),"")))=SIGN((AW8)-(AX8)))+2*(((IFERROR(--LEFT(AU8,FIND("-",AU8)-1),""))-(IFERROR(--MID(AU8,FIND("-",AU8)+1,99),"")))=((AW8)-(AX8)))+2*((IFERROR(--LEFT(AU8,FIND("-",AU8)-1),""))=(AW8))+2*((IFERROR(--MID(AU8,FIND("-",AU8)+1,99),""))=(AX8))),"")) -> 7 | AW8: =IF($C8="","",IFERROR(--LEFT($C8,FIND("-",$C8)-1),"")) -> 2 | AX8: =IF($C8="","",IFERROR(--MID($C8,FIND("-",$C8)+1,99),"")) -> 1
A9: 1.875 | B9: Canada | C9: 1-1 | D9: Bosnië en Herzegovina | E9: 2-0 | F9: =IF(OR($C9="",E9=""),"",IFERROR(IF(AND(IFERROR(--LEFT(E9,FIND("-",E9)-1),"")=AW9,IFERROR(--MID(E9,FIND("-",E9)+1,99),"")=AX9),10,5*(SIGN((IFERROR(--LEFT(E9,FIND("-",E9)-1),""))-(IFERROR(--MID(E9,FIND("-",E9)+1,99),"")))=SIGN((AW9)-(AX9)))+2*(((IFERROR(--LEFT(E9,FIND("-",E9)-1),""))-(IFERROR(--MID(E9,FIND("-",E9)+1,99),"")))=((AW9)-(AX9)))+2*((IFERROR(--LEFT(E9,FIND("-",E9)-1),""))=(AW9))+2*((IFERROR(--MID(E9,FIND("-",E9)+1,99),""))=(AX9))),"")) -> 0 | G9: 0-2 | H9: =IF(OR($C9="",G9=""),"",IFERROR(IF(AND(IFERROR(--LEFT(G9,FIND("-",G9)-1),"")=AW9,IFERROR(--MID(G9,FIND("-",G9)+1,99),"")=AX9),10,5*(SIGN((IFERROR(--LEFT(G9,FIND("-",G9)-1),""))-(IFERROR(--MID(G9,FIND("-",G9)+1,99),"")))=SIGN((AW9)-(AX9)))+2*(((IFERROR(--LEFT(G9,FIND("-",G9)-1),""))-(IFERROR(--MID(G9,FIND("-",G9)+1,99),"")))=((AW9)-(AX9)))+2*((IFERROR(--LEFT(G9,FIND("-",G9)-1),""))=(AW9))+2*((IFERROR(--MID(G9,FIND("-",G9)+1,99),""))=(AX9))),"")) -> 0 | I9: 1-1 | J9: =IF(OR($C9="",I9=""),"",IFERROR(IF(AND(IFERROR(--LEFT(I9,FIND("-",I9)-1),"")=AW9,IFERROR(--MID(I9,FIND("-",I9)+1,99),"")=AX9),10,5*(SIGN((IFERROR(--LEFT(I9,FIND("-",I9)-1),""))-(IFERROR(--MID(I9,FIND("-",I9)+1,99),"")))=SIGN((AW9)-(AX9)))+2*(((IFERROR(--LEFT(I9,FIND("-",I9)-1),""))-(IFERROR(--MID(I9,FIND("-",I9)+1,99),"")))=((AW9)-(AX9)))+2*((IFERROR(--LEFT(I9,FIND("-",I9)-1),""))=(AW9))+2*((IFERROR(--MID(I9,FIND("-",I9)+1,99),""))=(AX9))),"")) -> 10 | K9: 2-0 | L9: =IF(OR($C9="",K9=""),"",IFERROR(IF(AND(IFERROR(--LEFT(K9,FIND("-",K9)-1),"")=AW9,IFERROR(--MID(K9,FIND("-",K9)+1,99),"")=AX9),10,5*(SIGN((IFERROR(--LEFT(K9,FIND("-",K9)-1),""))-(IFERROR(--MID(K9,FIND("-",K9)+1,99),"")))=SIGN((AW9)-(AX9)))+2*(((IFERROR(--LEFT(K9,FIND("-",K9)-1),""))-(IFERROR(--MID(K9,FIND("-",K9)+1,99),"")))=((AW9)-(AX9)))+2*((IFERROR(--LEFT(K9,FIND("-",K9)-1),""))=(AW9))+2*((IFERROR(--MID(K9,FIND("-",K9)+1,99),""))=(AX9))),"")) -> 0 | M9: 2-2 | N9: =IF(OR($C9="",M9=""),"",IFERROR(IF(AND(IFERROR(--LEFT(M9,FIND("-",M9)-1),"")=AW9,IFERROR(--MID(M9,FIND("-",M9)+1,99),"")=AX9),10,5*(SIGN((IFERROR(--LEFT(M9,FIND("-",M9)-1),""))-(IFERROR(--MID(M9,FIND("-",M9)+1,99),"")))=SIGN((AW9)-(AX9)))+2*(((IFERROR(--LEFT(M9,FIND("-",M9)-1),""))-(IFERROR(--MID(M9,FIND("-",M9)+1,99),"")))=((AW9)-(AX9)))+2*((IFERROR(--LEFT(M9,FIND("-",M9)-1),""))=(AW9))+2*((IFERROR(--MID(M9,FIND("-",M9)+1,99),""))=(AX9))),"")) -> 7 | O9: 1-1 | P9: =IF(OR($C9="",O9=""),"",IFERROR(IF(AND(IFERROR(--LEFT(O9,FIND("-",O9)-1),"")=AW9,IFERROR(--MID(O9,FIND("-",O9)+1,99),"")=AX9),10,5*(SIGN((IFERROR(--LEFT(O9,FIND("-",O9)-1),""))-(IFERROR(--MID(O9,FIND("-",O9)+1,99),"")))=SIGN((AW9)-(AX9)))+2*(((IFERROR(--LEFT(O9,FIND("-",O9)-1),""))-(IFERROR(--MID(O9,FIND("-",O9)+1,99),"")))=((AW9)-(AX9)))+2*((IFERROR(--LEFT(O9,FIND("-",O9)-1),""))=(AW9))+2*((IFERROR(--MID(O9,FIND("-",O9)+1,99),""))=(AX9))),"")) -> 10 | Q9: 1-1 | R9: =IF(OR($C9="",Q9=""),"",IFERROR(IF(AND(IFERROR(--LEFT(Q9,FIND("-",Q9)-1),"")=AW9,IFERROR(--MID(Q9,FIND("-",Q9)+1,99),"")=AX9),10,5*(SIGN((IFERROR(--LEFT(Q9,FIND("-",Q9)-1),""))-(IFERROR(--MID(Q9,FIND("-",Q9)+1,99),"")))=SIGN((AW9)-(AX9)))+2*(((IFERROR(--LEFT(Q9,FIND("-",Q9)-1),""))-(IFERROR(--MID(Q9,FIND("-",Q9)+1,99),"")))=((AW9)-(AX9)))+2*((IFERROR(--LEFT(Q9,FIND("-",Q9)-1),""))=(AW9))+2*((IFERROR(--MID(Q9,FIND("-",Q9)+1,99),""))=(AX9))),"")) -> 10 | S9: 2-1 | T9: =IF(OR($C9="",S9=""),"",IFERROR(IF(AND(IFERROR(--LEFT(S9,FIND("-",S9)-1),"")=AW9,IFERROR(--MID(S9,FIND("-",S9)+1,99),"")=AX9),10,5*(SIGN((IFERROR(--LEFT(S9,FIND("-",S9)-1),""))-(IFERROR(--MID(S9,FIND("-",S9)+1,99),"")))=SIGN((AW9)-(AX9)))+2*(((IFERROR(--LEFT(S9,FIND("-",S9)-1),""))-(IFERROR(--MID(S9,FIND("-",S9)+1,99),"")))=((AW9)-(AX9)))+2*((IFERROR(--LEFT(S9,FIND("-",S9)-1),""))=(AW9))+2*((IFERROR(--MID(S9,FIND("-",S9)+1,99),""))=(AX9))),"")) -> 2 | U9: 2-1 | V9: =IF(OR($C9="",U9=""),"",IFERROR(IF(AND(IFERROR(--LEFT(U9,FIND("-",U9)-1),"")=AW9,IFERROR(--MID(U9,FIND("-",U9)+1,99),"")=AX9),10,5*(SIGN((IFERROR(--LEFT(U9,FIND("-",U9)-1),""))-(IFERROR(--MID(U9,FIND("-",U9)+1,99),"")))=SIGN((AW9)-(AX9)))+2*(((IFERROR(--LEFT(U9,FIND("-",U9)-1),""))-(IFERROR(--MID(U9,FIND("-",U9)+1,99),"")))=((AW9)-(AX9)))+2*((IFERROR(--LEFT(U9,FIND("-",U9)-1),""))=(AW9))+2*((IFERROR(--MID(U9,FIND("-",U9)+1,99),""))=(AX9))),"")) -> 2 | W9: 2-1 | X9: =IF(OR($C9="",W9=""),"",IFERROR(IF(AND(IFERROR(--LEFT(W9,FIND("-",W9)-1),"")=AW9,IFERROR(--MID(W9,FIND("-",W9)+1,99),"")=AX9),10,5*(SIGN((IFERROR(--LEFT(W9,FIND("-",W9)-1),""))-(IFERROR(--MID(W9,FIND("-",W9)+1,99),"")))=SIGN((AW9)-(AX9)))+2*(((IFERROR(--LEFT(W9,FIND("-",W9)-1),""))-(IFERROR(--MID(W9,FIND("-",W9)+1,99),"")))=((AW9)-(AX9)))+2*((IFERROR(--LEFT(W9,FIND("-",W9)-1),""))=(AW9))+2*((IFERROR(--MID(W9,FIND("-",W9)+1,99),""))=(AX9))),"")) -> 2 | Y9: 2-1 | Z9: =IF(OR($C9="",Y9=""),"",IFERROR(IF(AND(IFERROR(--LEFT(Y9,FIND("-",Y9)-1),"")=AW9,IFERROR(--MID(Y9,FIND("-",Y9)+1,99),"")=AX9),10,5*(SIGN((IFERROR(--LEFT(Y9,FIND("-",Y9)-1),""))-(IFERROR(--MID(Y9,FIND("-",Y9)+1,99),"")))=SIGN((AW9)-(AX9)))+2*(((IFERROR(--LEFT(Y9,FIND("-",Y9)-1),""))-(IFERROR(--MID(Y9,FIND("-",Y9)+1,99),"")))=((AW9)-(AX9)))+2*((IFERROR(--LEFT(Y9,FIND("-",Y9)-1),""))=(AW9))+2*((IFERROR(--MID(Y9,FIND("-",Y9)+1,99),""))=(AX9))),"")) -> 2 | AA9: 1-1 | AB9: =IF(OR($C9="",AA9=""),"",IFERROR(IF(AND(IFERROR(--LEFT(AA9,FIND("-",AA9)-1),"")=AW9,IFERROR(--MID(AA9,FIND("-",AA9)+1,99),"")=AX9),10,5*(SIGN((IFERROR(--LEFT(AA9,FIND("-",AA9)-1),""))-(IFERROR(--MID(AA9,FIND("-",AA9)+1,99),"")))=SIGN((AW9)-(AX9)))+2*(((IFERROR(--LEFT(AA9,FIND("-",AA9)-1),""))-(IFERROR(--MID(AA9,FIND("-",AA9)+1,99),"")))=((AW9)-(AX9)))+2*((IFERROR(--LEFT(AA9,FIND("-",AA9)-1),""))=(AW9))+2*((IFERROR(--MID(AA9,FIND("-",AA9)+1,99),""))=(AX9))),"")) -> 10 | AC9: 1-2 | AD9: =IF(OR($C9="",AC9=""),"",IFERROR(IF(AND(IFERROR(--LEFT(AC9,FIND("-",AC9)-1),"")=AW9,IFERROR(--MID(AC9,FIND("-",AC9)+1,99),"")=AX9),10,5*(SIGN((IFERROR(--LEFT(AC9,FIND("-",AC9)-1),""))-(IFERROR(--MID(AC9,FIND("-",AC9)+1,99),"")))=SIGN((AW9)-(AX9)))+2*(((IFERROR(--LEFT(AC9,FIND("-",AC9)-1),""))-(IFERROR(--MID(AC9,FIND("-",AC9)+1,99),"")))=((AW9)-(AX9)))+2*((IFERROR(--LEFT(AC9,FIND("-",AC9)-1),""))=(AW9))+2*((IFERROR(--MID(AC9,FIND("-",AC9)+1,99),""))=(AX9))),"")) -> 2 | AE9: 1-1 | AF9: =IF(OR($C9="",AE9=""),"",IFERROR(IF(AND(IFERROR(--LEFT(AE9,FIND("-",AE9)-1),"")=AW9,IFERROR(--MID(AE9,FIND("-",AE9)+1,99),"")=AX9),10,5*(SIGN((IFERROR(--LEFT(AE9,FIND("-",AE9)-1),""))-(IFERROR(--MID(AE9,FIND("-",AE9)+1,99),"")))=SIGN((AW9)-(AX9)))+2*(((IFERROR(--LEFT(AE9,FIND("-",AE9)-1),""))-(IFERROR(--MID(AE9,FIND("-",AE9)+1,99),"")))=((AW9)-(AX9)))+2*((IFERROR(--LEFT(AE9,FIND("-",AE9)-1),""))=(AW9))+2*((IFERROR(--MID(AE9,FIND("-",AE9)+1,99),""))=(AX9))),"")) -> 10 | AG9: 2-0 | AH9: =IF(OR($C9="",AG9=""),"",IFERROR(IF(AND(IFERROR(--LEFT(AG9,FIND("-",AG9)-1),"")=AW9,IFERROR(--MID(AG9,FIND("-",AG9)+1,99),"")=AX9),10,5*(SIGN((IFERROR(--LEFT(AG9,FIND("-",AG9)-1),""))-(IFERROR(--MID(AG9,FIND("-",AG9)+1,99),"")))=SIGN((AW9)-(AX9)))+2*(((IFERROR(--LEFT(AG9,FIND("-",AG9)-1),""))-(IFERROR(--MID(AG9,FIND("-",AG9)+1,99),"")))=((AW9)-(AX9)))+2*((IFERROR(--LEFT(AG9,FIND("-",AG9)-1),""))=(AW9))+2*((IFERROR(--MID(AG9,FIND("-",AG9)+1,99),""))=(AX9))),"")) -> 0 | AI9: 2-0 | AJ9: =IF(OR($C9="",AI9=""),"",IFERROR(IF(AND(IFERROR(--LEFT(AI9,FIND("-",AI9)-1),"")=AW9,IFERROR(--MID(AI9,FIND("-",AI9)+1,99),"")=AX9),10,5*(SIGN((IFERROR(--LEFT(AI9,FIND("-",AI9)-1),""))-(IFERROR(--MID(AI9,FIND("-",AI9)+1,99),"")))=SIGN((AW9)-(AX9)))+2*(((IFERROR(--LEFT(AI9,FIND("-",AI9)-1),""))-(IFERROR(--MID(AI9,FIND("-",AI9)+1,99),"")))=((AW9)-(AX9)))+2*((IFERROR(--LEFT(AI9,FIND("-",AI9)-1),""))=(AW9))+2*((IFERROR(--MID(AI9,FIND("-",AI9)+1,99),""))=(AX9))),"")) -> 0 | AK9: 1-0 | AL9: =IF(OR($C9="",AK9=""),"",IFERROR(IF(AND(IFERROR(--LEFT(AK9,FIND("-",AK9)-1),"")=AW9,IFERROR(--MID(AK9,FIND("-",AK9)+1,99),"")=AX9),10,5*(SIGN((IFERROR(--LEFT(AK9,FIND("-",AK9)-1),""))-(IFERROR(--MID(AK9,FIND("-",AK9)+1,99),"")))=SIGN((AW9)-(AX9)))+2*(((IFERROR(--LEFT(AK9,FIND("-",AK9)-1),""))-(IFERROR(--MID(AK9,FIND("-",AK9)+1,99),"")))=((AW9)-(AX9)))+2*((IFERROR(--LEFT(AK9,FIND("-",AK9)-1),""))=(AW9))+2*((IFERROR(--MID(AK9,FIND("-",AK9)+1,99),""))=(AX9))),"")) -> 2 | AM9: 0-1 | AN9: =IF(OR($C9="",AM9=""),"",IFERROR(IF(AND(IFERROR(--LEFT(AM9,FIND("-",AM9)-1),"")=AW9,IFERROR(--MID(AM9,FIND("-",AM9)+1,99),"")=AX9),10,5*(SIGN((IFERROR(--LEFT(AM9,FIND("-",AM9)-1),""))-(IFERROR(--MID(AM9,FIND("-",AM9)+1,99),"")))=SIGN((AW9)-(AX9)))+2*(((IFERROR(--LEFT(AM9,FIND("-",AM9)-1),""))-(IFERROR(--MID(AM9,FIND("-",AM9)+1,99),"")))=((AW9)-(AX9)))+2*((IFERROR(--LEFT(AM9,FIND("-",AM9)-1),""))=(AW9))+2*((IFERROR(--MID(AM9,FIND("-",AM9)+1,99),""))=(AX9))),"")) -> 2 | AO9: 2-0 | AP9: =IF(OR($C9="",AO9=""),"",IFERROR(IF(AND(IFERROR(--LEFT(AO9,FIND("-",AO9)-1),"")=AW9,IFERROR(--MID(AO9,FIND("-",AO9)+1,99),"")=AX9),10,5*(SIGN((IFERROR(--LEFT(AO9,FIND("-",AO9)-1),""))-(IFERROR(--MID(AO9,FIND("-",AO9)+1,99),"")))=SIGN((AW9)-(AX9)))+2*(((IFERROR(--LEFT(AO9,FIND("-",AO9)-1),""))-(IFERROR(--MID(AO9,FIND("-",AO9)+1,99),"")))=((AW9)-(AX9)))+2*((IFERROR(--LEFT(AO9,FIND("-",AO9)-1),""))=(AW9))+2*((IFERROR(--MID(AO9,FIND("-",AO9)+1,99),""))=(AX9))),"")) -> 0 | AQ9: 1-2 | AR9: =IF(OR($C9="",AQ9=""),"",IFERROR(IF(AND(IFERROR(--LEFT(AQ9,FIND("-",AQ9)-1),"")=AW9,IFERROR(--MID(AQ9,FIND("-",AQ9)+1,99),"")=AX9),10,5*(SIGN((IFERROR(--LEFT(AQ9,FIND("-",AQ9)-1),""))-(IFERROR(--MID(AQ9,FIND("-",AQ9)+1,99),"")))=SIGN((AW9)-(AX9)))+2*(((IFERROR(--LEFT(AQ9,FIND("-",AQ9)-1),""))-(IFERROR(--MID(AQ9,FIND("-",AQ9)+1,99),"")))=((AW9)-(AX9)))+2*((IFERROR(--LEFT(AQ9,FIND("-",AQ9)-1),""))=(AW9))+2*((IFERROR(--MID(AQ9,FIND("-",AQ9)+1,99),""))=(AX9))),"")) -> 2 | AS9: 0-0 | AT9: =IF(OR($C9="",AS9=""),"",IFERROR(IF(AND(IFERROR(--LEFT(AS9,FIND("-",AS9)-1),"")=AW9,IFERROR(--MID(AS9,FIND("-",AS9)+1,99),"")=AX9),10,5*(SIGN((IFERROR(--LEFT(AS9,FIND("-",AS9)-1),""))-(IFERROR(--MID(AS9,FIND("-",AS9)+1,99),"")))=SIGN((AW9)-(AX9)))+2*(((IFERROR(--LEFT(AS9,FIND("-",AS9)-1),""))-(IFERROR(--MID(AS9,FIND("-",AS9)+1,99),"")))=((AW9)-(AX9)))+2*((IFERROR(--LEFT(AS9,FIND("-",AS9)-1),""))=(AW9))+2*((IFERROR(--MID(AS9,FIND("-",AS9)+1,99),""))=(AX9))),"")) -> 7 | AU9: 0-0 | AV9: =IF(OR($C9="",AU9=""),"",IFERROR(IF(AND(IFERROR(--LEFT(AU9,FIND("-",AU9)-1),"")=AW9,IFERROR(--MID(AU9,FIND("-",AU9)+1,99),"")=AX9),10,5*(SIGN((IFERROR(--LEFT(AU9,FIND("-",AU9)-1),""))-(IFERROR(--MID(AU9,FIND("-",AU9)+1,99),"")))=SIGN((AW9)-(AX9)))+2*(((IFERROR(--LEFT(AU9,FIND("-",AU9)-1),""))-(IFERROR(--MID(AU9,FIND("-",AU9)+1,99),"")))=((AW9)-(AX9)))+2*((IFERROR(--LEFT(AU9,FIND("-",AU9)-1),""))=(AW9))+2*((IFERROR(--MID(AU9,FIND("-",AU9)+1,99),""))=(AX9))),"")) -> 7 | AW9: =IF($C9="","",IFERROR(--LEFT($C9,FIND("-",$C9)-1),"")) -> 1 | AX9: =IF($C9="","",IFERROR(--MID($C9,FIND("-",$C9)+1,99),"")) -> 1
AR10: =IF(OR($C10="",AQ10=""),"",IFERROR(IF(AND(IFERROR(--LEFT(AQ10,FIND("-",AQ10)-1),"")=AW10,IFERROR(--MID(AQ10,FIND("-",AQ10)+1,99),"")=AX10),10,5*(SIGN((IFERROR(--LEFT(AQ10,FIND("-",AQ10)-1),""))-(IFERROR(--MID(AQ10,FIND("-",AQ10)+1,99),"")))=SIGN((AW10)-(AX10)))+2*(((IFERROR(--LEFT(AQ10,FIND("-",AQ10)-1),""))-(IFERROR(--MID(AQ10,FIND("-",AQ10)+1,99),"")))=((AW10)-(AX10)))+2*((IFERROR(--LEFT(AQ10,FIND("-",AQ10)-1),""))=(AW10))+2*((IFERROR(--MID(AQ10,FIND("-",AQ10)+1,99),""))=(AX10))),"")) | AT10: =IF(OR($C10="",AS10=""),"",IFERROR(IF(AND(IFERROR(--LEFT(AS10,FIND("-",AS10)-1),"")=AW10,IFERROR(--MID(AS10,FIND("-",AS10)+1,99),"")=AX10),10,5*(SIGN((IFERROR(--LEFT(AS10,FIND("-",AS10)-1),""))-(IFERROR(--MID(AS10,FIND("-",AS10)+1,99),"")))=SIGN((AW10)-(AX10)))+2*(((IFERROR(--LEFT(AS10,FIND("-",AS10)-1),""))-(IFERROR(--MID(AS10,FIND("-",AS10)+1,99),"")))=((AW10)-(AX10)))+2*((IFERROR(--LEFT(AS10,FIND("-",AS10)-1),""))=(AW10))+2*((IFERROR(--MID(AS10,FIND("-",AS10)+1,99),""))=(AX10))),""))
A11: zaterdag 13 juni 2026
A12: 1.125 | B12: Verenigde Staten | C12: 4-1 | D12: Paraguay | E12: 1-0 | F12: =IF(OR($C12="",E12=""),"",IFERROR(IF(AND(IFERROR(--LEFT(E12,FIND("-",E12)-1),"")=AW12,IFERROR(--MID(E12,FIND("-",E12)+1,99),"")=AX12),10,5*(SIGN((IFERROR(--LEFT(E12,FIND("-",E12)-1),""))-(IFERROR(--MID(E12,FIND("-",E12)+1,99),"")))=SIGN((AW12)-(AX12)))+2*(((IFERROR(--LEFT(E12,FIND("-",E12)-1),""))-(IFERROR(--MID(E12,FIND("-",E12)+1,99),"")))=((AW12)-(AX12)))+2*((IFERROR(--LEFT(E12,FIND("-",E12)-1),""))=(AW12))+2*((IFERROR(--MID(E12,FIND("-",E12)+1,99),""))=(AX12))),"")) -> 5 | G12: 1-2 | H12: =IF(OR($C12="",G12=""),"",IFERROR(IF(AND(IFERROR(--LEFT(G12,FIND("-",G12)-1),"")=AW12,IFERROR(--MID(G12,FIND("-",G12)+1,99),"")=AX12),10,5*(SIGN((IFERROR(--LEFT(G12,FIND("-",G12)-1),""))-(IFERROR(--MID(G12,FIND("-",G12)+1,99),"")))=SIGN((AW12)-(AX12)))+2*(((IFERROR(--LEFT(G12,FIND("-",G12)-1),""))-(IFERROR(--MID(G12,FIND("-",G12)+1,99),"")))=((AW12)-(AX12)))+2*((IFERROR(--LEFT(G12,FIND("-",G12)-1),""))=(AW12))+2*((IFERROR(--MID(G12,FIND("-",G12)+1,99),""))=(AX12))),"")) -> 0 | I12: 1-2 | J12: =IF(OR($C12="",I12=""),"",IFERROR(IF(AND(IFERROR(--LEFT(I12,FIND("-",I12)-1),"")=AW12,IFERROR(--MID(I12,FIND("-",I12)+1,99),"")=AX12),10,5*(SIGN((IFERROR(--LEFT(I12,FIND("-",I12)-1),""))-(IFERROR(--MID(I12,FIND("-",I12)+1,99),"")))=SIGN((AW12)-(AX12)))+2*(((IFERROR(--LEFT(I12,FIND("-",I12)-1),""))-(IFERROR(--MID(I12,FIND("-",I12)+1,99),"")))=((AW12)-(AX12)))+2*((IFERROR(--LEFT(I12,FIND("-",I12)-1),""))=(AW12))+2*((IFERROR(--MID(I12,FIND("-",I12)+1,99),""))=(AX12))),"")) -> 0 | K12: 3-0 | L12: =IF(OR($C12="",K12=""),"",IFERROR(IF(AND(IFERROR(--LEFT(K12,FIND("-",K12)-1),"")=AW12,IFERROR(--MID(K12,FIND("-",K12)+1,99),"")=AX12),10,5*(SIGN((IFERROR(--LEFT(K12,FIND("-",K12)-1),""))-(IFERROR(--MID(K12,FIND("-",K12)+1,99),"")))=SIGN((AW12)-(AX12)))+2*(((IFERROR(--LEFT(K12,FIND("-",K12)-1),""))-(IFERROR(--MID(K12,FIND("-",K12)+1,99),"")))=((AW12)-(AX12)))+2*((IFERROR(--LEFT(K12,FIND("-",K12)-1),""))=(AW12))+2*((IFERROR(--MID(K12,FIND("-",K12)+1,99),""))=(AX12))),"")) -> 7 | M12: 0-1 | N12: =IF(OR($C12="",M12=""),"",IFERROR(IF(AND(IFERROR(--LEFT(M12,FIND("-",M12)-1),"")=AW12,IFERROR(--MID(M12,FIND("-",M12)+1,99),"")=AX12),10,5*(SIGN((IFERROR(--LEFT(M12,FIND("-",M12)-1),""))-(IFERROR(--MID(M12,FIND("-",M12)+1,99),"")))=SIGN((AW12)-(AX12)))+2*(((IFERROR(--LEFT(M12,FIND("-",M12)-1),""))-(IFERROR(--MID(M12,FIND("-",M12)+1,99),"")))=((AW12)-(AX12)))+2*((IFERROR(--LEFT(M12,FIND("-",M12)-1),""))=(AW12))+2*((IFERROR(--MID(M12,FIND("-",M12)+1,99),""))=(AX12))),"")) -> 2 | O12: 2-1 | P12: =IF(OR($C12="",O12=""),"",IFERROR(IF(AND(IFERROR(--LEFT(O12,FIND("-",O12)-1),"")=AW12,IFERROR(--MID(O12,FIND("-",O12)+1,99),"")=AX12),10,5*(SIGN((IFERROR(--LEFT(O12,FIND("-",O12)-1),""))-(IFERROR(--MID(O12,FIND("-",O12)+1,99),"")))=SIGN((AW12)-(AX12)))+2*(((IFERROR(--LEFT(O12,FIND("-",O12)-1),""))-(IFERROR(--MID(O12,FIND("-",O12)+1,99),"")))=((AW12)-(AX12)))+2*((IFERROR(--LEFT(O12,FIND("-",O12)-1),""))=(AW12))+2*((IFERROR(--MID(O12,FIND("-",O12)+1,99),""))=(AX12))),"")) -> 7 | Q12: 1-0 | R12: =IF(OR($C12="",Q12=""),"",IFERROR(IF(AND(IFERROR(--LEFT(Q12,FIND("-",Q12)-1),"")=AW12,IFERROR(--MID(Q12,FIND("-",Q12)+1,99),"")=AX12),10,5*(SIGN((IFERROR(--LEFT(Q12,FIND("-",Q12)-1),""))-(IFERROR(--MID(Q12,FIND("-",Q12)+1,99),"")))=SIGN((AW12)-(AX12)))+2*(((IFERROR(--LEFT(Q12,FIND("-",Q12)-1),""))-(IFERROR(--MID(Q12,FIND("-",Q12)+1,99),"")))=((AW12)-(AX12)))+2*((IFERROR(--LEFT(Q12,FIND("-",Q12)-1),""))=(AW12))+2*((IFERROR(--MID(Q12,FIND("-",Q12)+1,99),""))=(AX12))),"")) -> 5 | S12: 3-0 | T12: =IF(OR($C12="",S12=""),"",IFERROR(IF(AND(IFERROR(--LEFT(S12,FIND("-",S12)-1),"")=AW12,IFERROR(--MID(S12,FIND("-",S12)+1,99),"")=AX12),10,5*(SIGN((IFERROR(--LEFT(S12,FIND("-",S12)-1),""))-(IFERROR(--MID(S12,FIND("-",S12)+1,99),"")))=SIGN((AW12)-(AX12)))+2*(((IFERROR(--LEFT(S12,FIND("-",S12)-1),""))-(IFERROR(--MID(S12,FIND("-",S12)+1,99),"")))=((AW12)-(AX12)))+2*((IFERROR(--LEFT(S12,FIND("-",S12)-1),""))=(AW12))+2*((IFERROR(--MID(S12,FIND("-",S12)+1,99),""))=(AX12))),"")) -> 7 | U12: 2-1 | V12: =IF(OR($C12="",U12=""),"",IFERROR(IF(AND(IFERROR(--LEFT(U12,FIND("-",U12)-1),"")=AW12,IFERROR(--MID(U12,FIND("-",U12)+1,99),"")=AX12),10,5*(SIGN((IFERROR(--LEFT(U12,FIND("-",U12)-1),""))-(IFERROR(--MID(U12,FIND("-",U12)+1,99),"")))=SIGN((AW12)-(AX12)))+2*(((IFERROR(--LEFT(U12,FIND("-",U12)-1),""))-(IFERROR(--MID(U12,FIND("-",U12)+1,99),"")))=((AW12)-(AX12)))+2*((IFERROR(--LEFT(U12,FIND("-",U12)-1),""))=(AW12))+2*((IFERROR(--MID(U12,FIND("-",U12)+1,99),""))=(AX12))),"")) -> 7 | W12: 2-1 | X12: =IF(OR($C12="",W12=""),"",IFERROR(IF(AND(IFERROR(--LEFT(W12,FIND("-",W12)-1),"")=AW12,IFERROR(--MID(W12,FIND("-",W12)+1,99),"")=AX12),10,5*(SIGN((IFERROR(--LEFT(W12,FIND("-",W12)-1),""))-(IFERROR(--MID(W12,FIND("-",W12)+1,99),"")))=SIGN((AW12)-(AX12)))+2*(((IFERROR(--LEFT(W12,FIND("-",W12)-1),""))-(IFERROR(--MID(W12,FIND("-",W12)+1,99),"")))=((AW12)-(AX12)))+2*((IFERROR(--LEFT(W12,FIND("-",W12)-1),""))=(AW12))+2*((IFERROR(--MID(W12,FIND("-",W12)+1,99),""))=(AX12))),"")) -> 7 | Y12: 2-1 | Z12: =IF(OR($C12="",Y12=""),"",IFERROR(IF(AND(IFERROR(--LEFT(Y12,FIND("-",Y12)-1),"")=AW12,IFERROR(--MID(Y12,FIND("-",Y12)+1,99),"")=AX12),10,5*(SIGN((IFERROR(--LEFT(Y12,FIND("-",Y12)-1),""))-(IFERROR(--MID(Y12,FIND("-",Y12)+1,99),"")))=SIGN((AW12)-(AX12)))+2*(((IFERROR(--LEFT(Y12,FIND("-",Y12)-1),""))-(IFERROR(--MID(Y12,FIND("-",Y12)+1,99),"")))=((AW12)-(AX12)))+2*((IFERROR(--LEFT(Y12,FIND("-",Y12)-1),""))=(AW12))+2*((IFERROR(--MID(Y12,FIND("-",Y12)+1,99),""))=(AX12))),"")) -> 7 | AA12: 3-0 | AB12: =IF(OR($C12="",AA12=""),"",IFERROR(IF(AND(IFERROR(--LEFT(AA12,FIND("-",AA12)-1),"")=AW12,IFERROR(--MID(AA12,FIND("-",AA12)+1,99),"")=AX12),10,5*(SIGN((IFERROR(--LEFT(AA12,FIND("-",AA12)-1),""))-(IFERROR(--MID(AA12,FIND("-",AA12)+1,99),"")))=SIGN((AW12)-(AX12)))+2*(((IFERROR(--LEFT(AA12,FIND("-",AA12)-1),""))-(IFERROR(--MID(AA12,FIND("-",AA12)+1,99),"")))=((AW12)-(AX12)))+2*((IFERROR(--LEFT(AA12,FIND("-",AA12)-1),""))=(AW12))+2*((IFERROR(--MID(AA12,FIND("-",AA12)+1,99),""))=(AX12))),"")) -> 7 | AC12: 2-2 | AD12: =IF(OR($C12="",AC12=""),"",IFERROR(IF(AND(IFERROR(--LEFT(AC12,FIND("-",AC12)-1),"")=AW12,IFERROR(--MID(AC12,FIND("-",AC12)+1,99),"")=AX12),10,5*(SIGN((IFERROR(--LEFT(AC12,FIND("-",AC12)-1),""))-(IFERROR(--MID(AC12,FIND("-",AC12)+1,99),"")))=SIGN((AW12)-(AX12)))+2*(((IFERROR(--LEFT(AC12,FIND("-",AC12)-1),""))-(IFERROR(--MID(AC12,FIND("-",AC12)+1,99),"")))=((AW12)-(AX12)))+2*((IFERROR(--LEFT(AC12,FIND("-",AC12)-1),""))=(AW12))+2*((IFERROR(--MID(AC12,FIND("-",AC12)+1,99),""))=(AX12))),"")) -> 0 | AE12: 2-1 | AF12: =IF(OR($C12="",AE12=""),"",IFERROR(IF(AND(IFERROR(--LEFT(AE12,FIND("-",AE12)-1),"")=AW12,IFERROR(--MID(AE12,FIND("-",AE12)+1,99),"")=AX12),10,5*(SIGN((IFERROR(--LEFT(AE12,FIND("-",AE12)-1),""))-(IFERROR(--MID(AE12,FIND("-",AE12)+1,99),"")))=SIGN((AW12)-(AX12)))+2*(((IFERROR(--LEFT(AE12,FIND("-",AE12)-1),""))-(IFERROR(--MID(AE12,FIND("-",AE12)+1,99),"")))=((AW12)-(AX12)))+2*((IFERROR(--LEFT(AE12,FIND("-",AE12)-1),""))=(AW12))+2*((IFERROR(--MID(AE12,FIND("-",AE12)+1,99),""))=(AX12))),"")) -> 7 | AG12: 3-0 | AH12: =IF(OR($C12="",AG12=""),"",IFERROR(IF(AND(IFERROR(--LEFT(AG12,FIND("-",AG12)-1),"")=AW12,IFERROR(--MID(AG12,FIND("-",AG12)+1,99),"")=AX12),10,5*(SIGN((IFERROR(--LEFT(AG12,FIND("-",AG12)-1),""))-(IFERROR(--MID(AG12,FIND("-",AG12)+1,99),"")))=SIGN((AW12)-(AX12)))+2*(((IFERROR(--LEFT(AG12,FIND("-",AG12)-1),""))-(IFERROR(--MID(AG12,FIND("-",AG12)+1,99),"")))=((AW12)-(AX12)))+2*((IFERROR(--LEFT(AG12,FIND("-",AG12)-1),""))=(AW12))+2*((IFERROR(--MID(AG12,FIND("-",AG12)+1,99),""))=(AX12))),"")) -> 7 | AI12: 1-0 | AJ12: =IF(OR($C12="",AI12=""),"",IFERROR(IF(AND(IFERROR(--LEFT(AI12,FIND("-",AI12)-1),"")=AW12,IFERROR(--MID(AI12,FIND("-",AI12)+1,99),"")=AX12),10,5*(SIGN((IFERROR(--LEFT(AI12,FIND("-",AI12)-1),""))-(IFERROR(--MID(AI12,FIND("-",AI12)+1,99),"")))=SIGN((AW12)-(AX12)))+2*(((IFERROR(--LEFT(AI12,FIND("-",AI12)-1),""))-(IFERROR(--MID(AI12,FIND("-",AI12)+1,99),"")))=((AW12)-(AX12)))+2*((IFERROR(--LEFT(AI12,FIND("-",AI12)-1),""))=(AW12))+2*((IFERROR(--MID(AI12,FIND("-",AI12)+1,99),""))=(AX12))),"")) -> 5 | AK12: 2-1 | AL12: =IF(OR($C12="",AK12=""),"",IFERROR(IF(AND(IFERROR(--LEFT(AK12,FIND("-",AK12)-1),"")=AW12,IFERROR(--MID(AK12,FIND("-",AK12)+1,99),"")=AX12),10,5*(SIGN((IFERROR(--LEFT(AK12,FIND("-",AK12)-1),""))-(IFERROR(--MID(AK12,FIND("-",AK12)+1,99),"")))=SIGN((AW12)-(AX12)))+2*(((IFERROR(--LEFT(AK12,FIND("-",AK12)-1),""))-(IFERROR(--MID(AK12,FIND("-",AK12)+1,99),"")))=((AW12)-(AX12)))+2*((IFERROR(--LEFT(AK12,FIND("-",AK12)-1),""))=(AW12))+2*((IFERROR(--MID(AK12,FIND("-",AK12)+1,99),""))=(AX12))),"")) -> 7 | AM12: 2-0 | AN12: =IF(OR($C12="",AM12=""),"",IFERROR(IF(AND(IFERROR(--LEFT(AM12,FIND("-",AM12)-1),"")=AW12,IFERROR(--MID(AM12,FIND("-",AM12)+1,99),"")=AX12),10,5*(SIGN((IFERROR(--LEFT(AM12,FIND("-",AM12)-1),""))-(IFERROR(--MID(AM12,FIND("-",AM12)+1,99),"")))=SIGN((AW12)-(AX12)))+2*(((IFERROR(--LEFT(AM12,FIND("-",AM12)-1),""))-(IFERROR(--MID(AM12,FIND("-",AM12)+1,99),"")))=((AW12)-(AX12)))+2*((IFERROR(--LEFT(AM12,FIND("-",AM12)-1),""))=(AW12))+2*((IFERROR(--MID(AM12,FIND("-",AM12)+1,99),""))=(AX12))),"")) -> 5 | AO12: 1-2 | AP12: =IF(OR($C12="",AO12=""),"",IFERROR(IF(AND(IFERROR(--LEFT(AO12,FIND("-",AO12)-1),"")=AW12,IFERROR(--MID(AO12,FIND("-",AO12)+1,99),"")=AX12),10,5*(SIGN((IFERROR(--LEFT(AO12,FIND("-",AO12)-1),""))-(IFERROR(--MID(AO12,FIND("-",AO12)+1,99),"")))=SIGN((AW12)-(AX12)))+2*(((IFERROR(--LEFT(AO12,FIND("-",AO12)-1),""))-(IFERROR(--MID(AO12,FIND("-",AO12)+1,99),"")))=((AW12)-(AX12)))+2*((IFERROR(--LEFT(AO12,FIND("-",AO12)-1),""))=(AW12))+2*((IFERROR(--MID(AO12,FIND("-",AO12)+1,99),""))=(AX12))),"")) -> 0 | AQ12: 0-1 | AR12: =IF(OR($C12="",AQ12=""),"",IFERROR(IF(AND(IFERROR(--LEFT(AQ12,FIND("-",AQ12)-1),"")=AW12,IFERROR(--MID(AQ12,FIND("-",AQ12)+1,99),"")=AX12),10,5*(SIGN((IFERROR(--LEFT(AQ12,FIND("-",AQ12)-1),""))-(IFERROR(--MID(AQ12,FIND("-",AQ12)+1,99),"")))=SIGN((AW12)-(AX12)))+2*(((IFERROR(--LEFT(AQ12,FIND("-",AQ12)-1),""))-(IFERROR(--MID(AQ12,FIND("-",AQ12)+1,99),"")))=((AW12)-(AX12)))+2*((IFERROR(--LEFT(AQ12,FIND("-",AQ12)-1),""))=(AW12))+2*((IFERROR(--MID(AQ12,FIND("-",AQ12)+1,99),""))=(AX12))),"")) -> 2 | AS12: 0-1 | AT12: =IF(OR($C12="",AS12=""),"",IFERROR(IF(AND(IFERROR(--LEFT(AS12,FIND("-",AS12)-1),"")=AW12,IFERROR(--MID(AS12,FIND("-",AS12)+1,99),"")=AX12),10,5*(SIGN((IFERROR(--LEFT(AS12,FIND("-",AS12)-1),""))-(IFERROR(--MID(AS12,FIND("-",AS12)+1,99),"")))=SIGN((AW12)-(AX12)))+2*(((IFERROR(--LEFT(AS12,FIND("-",AS12)-1),""))-(IFERROR(--MID(AS12,FIND("-",AS12)+1,99),"")))=((AW12)-(AX12)))+2*((IFERROR(--LEFT(AS12,FIND("-",AS12)-1),""))=(AW12))+2*((IFERROR(--MID(AS12,FIND("-",AS12)+1,99),""))=(AX12))),"")) -> 2 | AU12: 0-2 | AV12: =IF(OR($C12="",AU12=""),"",IFERROR(IF(AND(IFERROR(--LEFT(AU12,FIND("-",AU12)-1),"")=AW12,IFERROR(--MID(AU12,FIND("-",AU12)+1,99),"")=AX12),10,5*(SIGN((IFERROR(--LEFT(AU12,FIND("-",AU12)-1),""))-(IFERROR(--MID(AU12,FIND("-",AU12)+1,99),"")))=SIGN((AW12)-(AX12)))+2*(((IFERROR(--LEFT(AU12,FIND("-",AU12)-1),""))-(IFERROR(--MID(AU12,FIND("-",AU12)+1,99),"")))=((AW12)-(AX12)))+2*((IFERROR(--LEFT(AU12,FIND("-",AU12)-1),""))=(AW12))+2*((IFERROR(--MID(AU12,FIND("-",AU12)+1,99),""))=(AX12))),"")) -> 0 | AW12: =IF($C12="","",IFERROR(--LEFT($C12,FIND("-",$C12)-1),"")) -> 4 | AX12: =IF($C12="","",IFERROR(--MID($C12,FIND("-",$C12)+1,99),"")) -> 1
A13: 1.875 | B13: Qatar | C13: 1-1 | D13: Zwitserland | E13: 0-2 | F13: =IF(OR($C13="",E13=""),"",IFERROR(IF(AND(IFERROR(--LEFT(E13,FIND("-",E13)-1),"")=AW13,IFERROR(--MID(E13,FIND("-",E13)+1,99),"")=AX13),10,5*(SIGN((IFERROR(--LEFT(E13,FIND("-",E13)-1),""))-(IFERROR(--MID(E13,FIND("-",E13)+1,99),"")))=SIGN((AW13)-(AX13)))+2*(((IFERROR(--LEFT(E13,FIND("-",E13)-1),""))-(IFERROR(--MID(E13,FIND("-",E13)+1,99),"")))=((AW13)-(AX13)))+2*((IFERROR(--LEFT(E13,FIND("-",E13)-1),""))=(AW13))+2*((IFERROR(--MID(E13,FIND("-",E13)+1,99),""))=(AX13))),"")) -> 0 | G13: 1-2 | H13: =IF(OR($C13="",G13=""),"",IFERROR(IF(AND(IFERROR(--LEFT(G13,FIND("-",G13)-1),"")=AW13,IFERROR(--MID(G13,FIND("-",G13)+1,99),"")=AX13),10,5*(SIGN((IFERROR(--LEFT(G13,FIND("-",G13)-1),""))-(IFERROR(--MID(G13,FIND("-",G13)+1,99),"")))=SIGN((AW13)-(AX13)))+2*(((IFERROR(--LEFT(G13,FIND("-",G13)-1),""))-(IFERROR(--MID(G13,FIND("-",G13)+1,99),"")))=((AW13)-(AX13)))+2*((IFERROR(--LEFT(G13,FIND("-",G13)-1),""))=(AW13))+2*((IFERROR(--MID(G13,FIND("-",G13)+1,99),""))=(AX13))),"")) -> 2 | I13: 0-2 | J13: =IF(OR($C13="",I13=""),"",IFERROR(IF(AND(IFERROR(--LEFT(I13,FIND("-",I13)-1),"")=AW13,IFERROR(--MID(I13,FIND("-",I13)+1,99),"")=AX13),10,5*(SIGN((IFERROR(--LEFT(I13,FIND("-",I13)-1),""))-(IFERROR(--MID(I13,FIND("-",I13)+1,99),"")))=SIGN((AW13)-(AX13)))+2*(((IFERROR(--LEFT(I13,FIND("-",I13)-1),""))-(IFERROR(--MID(I13,FIND("-",I13)+1,99),"")))=((AW13)-(AX13)))+2*((IFERROR(--LEFT(I13,FIND("-",I13)-1),""))=(AW13))+2*((IFERROR(--MID(I13,FIND("-",I13)+1,99),""))=(AX13))),"")) -> 0 | K13: 0-2 | L13: =IF(OR($C13="",K13=""),"",IFERROR(IF(AND(IFERROR(--LEFT(K13,FIND("-",K13)-1),"")=AW13,IFERROR(--MID(K13,FIND("-",K13)+1,99),"")=AX13),10,5*(SIGN((IFERROR(--LEFT(K13,FIND("-",K13)-1),""))-(IFERROR(--MID(K13,FIND("-",K13)+1,99),"")))=SIGN((AW13)-(AX13)))+2*(((IFERROR(--LEFT(K13,FIND("-",K13)-1),""))-(IFERROR(--MID(K13,FIND("-",K13)+1,99),"")))=((AW13)-(AX13)))+2*((IFERROR(--LEFT(K13,FIND("-",K13)-1),""))=(AW13))+2*((IFERROR(--MID(K13,FIND("-",K13)+1,99),""))=(AX13))),"")) -> 0 | M13: 0-2 | N13: =IF(OR($C13="",M13=""),"",IFERROR(IF(AND(IFERROR(--LEFT(M13,FIND("-",M13)-1),"")=AW13,IFERROR(--MID(M13,FIND("-",M13)+1,99),"")=AX13),10,5*(SIGN((IFERROR(--LEFT(M13,FIND("-",M13)-1),""))-(IFERROR(--MID(M13,FIND("-",M13)+1,99),"")))=SIGN((AW13)-(AX13)))+2*(((IFERROR(--LEFT(M13,FIND("-",M13)-1),""))-(IFERROR(--MID(M13,FIND("-",M13)+1,99),"")))=((AW13)-(AX13)))+2*((IFERROR(--LEFT(M13,FIND("-",M13)-1),""))=(AW13))+2*((IFERROR(--MID(M13,FIND("-",M13)+1,99),""))=(AX13))),"")) -> 0 | O13: 0-3 | P13: =IF(OR($C13="",O13=""),"",IFERROR(IF(AND(IFERROR(--LEFT(O13,FIND("-",O13)-1),"")=AW13,IFERROR(--MID(O13,FIND("-",O13)+1,99),"")=AX13),10,5*(SIGN((IFERROR(--LEFT(O13,FIND("-",O13)-1),""))-(IFERROR(--MID(O13,FIND("-",O13)+1,99),"")))=SIGN((AW13)-(AX13)))+2*(((IFERROR(--LEFT(O13,FIND("-",O13)-1),""))-(IFERROR(--MID(O13,FIND("-",O13)+1,99),"")))=((AW13)-(AX13)))+2*((IFERROR(--LEFT(O13,FIND("-",O13)-1),""))=(AW13))+2*((IFERROR(--MID(O13,FIND("-",O13)+1,99),""))=(AX13))),"")) -> 0 | Q13: 1-3 | R13: =IF(OR($C13="",Q13=""),"",IFERROR(IF(AND(IFERROR(--LEFT(Q13,FIND("-",Q13)-1),"")=AW13,IFERROR(--MID(Q13,FIND("-",Q13)+1,99),"")=AX13),10,5*(SIGN((IFERROR(--LEFT(Q13,FIND("-",Q13)-1),""))-(IFERROR(--MID(Q13,FIND("-",Q13)+1,99),"")))=SIGN((AW13)-(AX13)))+2*(((IFERROR(--LEFT(Q13,FIND("-",Q13)-1),""))-(IFERROR(--MID(Q13,FIND("-",Q13)+1,99),"")))=((AW13)-(AX13)))+2*((IFERROR(--LEFT(Q13,FIND("-",Q13)-1),""))=(AW13))+2*((IFERROR(--MID(Q13,FIND("-",Q13)+1,99),""))=(AX13))),"")) -> 2 | S13: 2-2 | T13: =IF(OR($C13="",S13=""),"",IFERROR(IF(AND(IFERROR(--LEFT(S13,FIND("-",S13)-1),"")=AW13,IFERROR(--MID(S13,FIND("-",S13)+1,99),"")=AX13),10,5*(SIGN((IFERROR(--LEFT(S13,FIND("-",S13)-1),""))-(IFERROR(--MID(S13,FIND("-",S13)+1,99),"")))=SIGN((AW13)-(AX13)))+2*(((IFERROR(--LEFT(S13,FIND("-",S13)-1),""))-(IFERROR(--MID(S13,FIND("-",S13)+1,99),"")))=((AW13)-(AX13)))+2*((IFERROR(--LEFT(S13,FIND("-",S13)-1),""))=(AW13))+2*((IFERROR(--MID(S13,FIND("-",S13)+1,99),""))=(AX13))),"")) -> 7 | U13: 0-2 | V13: =IF(OR($C13="",U13=""),"",IFERROR(IF(AND(IFERROR(--LEFT(U13,FIND("-",U13)-1),"")=AW13,IFERROR(--MID(U13,FIND("-",U13)+1,99),"")=AX13),10,5*(SIGN((IFERROR(--LEFT(U13,FIND("-",U13)-1),""))-(IFERROR(--MID(U13,FIND("-",U13)+1,99),"")))=SIGN((AW13)-(AX13)))+2*(((IFERROR(--LEFT(U13,FIND("-",U13)-1),""))-(IFERROR(--MID(U13,FIND("-",U13)+1,99),"")))=((AW13)-(AX13)))+2*((IFERROR(--LEFT(U13,FIND("-",U13)-1),""))=(AW13))+2*((IFERROR(--MID(U13,FIND("-",U13)+1,99),""))=(AX13))),"")) -> 0 | W13: 0-2 | X13: =IF(OR($C13="",W13=""),"",IFERROR(IF(AND(IFERROR(--LEFT(W13,FIND("-",W13)-1),"")=AW13,IFERROR(--MID(W13,FIND("-",W13)+1,99),"")=AX13),10,5*(SIGN((IFERROR(--LEFT(W13,FIND("-",W13)-1),""))-(IFERROR(--MID(W13,FIND("-",W13)+1,99),"")))=SIGN((AW13)-(AX13)))+2*(((IFERROR(--LEFT(W13,FIND("-",W13)-1),""))-(IFERROR(--MID(W13,FIND("-",W13)+1,99),"")))=((AW13)-(AX13)))+2*((IFERROR(--LEFT(W13,FIND("-",W13)-1),""))=(AW13))+2*((IFERROR(--MID(W13,FIND("-",W13)+1,99),""))=(AX13))),"")) -> 0 | Y13: 0-2 | Z13: =IF(OR($C13="",Y13=""),"",IFERROR(IF(AND(IFERROR(--LEFT(Y13,FIND("-",Y13)-1),"")=AW13,IFERROR(--MID(Y13,FIND("-",Y13)+1,99),"")=AX13),10,5*(SIGN((IFERROR(--LEFT(Y13,FIND("-",Y13)-1),""))-(IFERROR(--MID(Y13,FIND("-",Y13)+1,99),"")))=SIGN((AW13)-(AX13)))+2*(((IFERROR(--LEFT(Y13,FIND("-",Y13)-1),""))-(IFERROR(--MID(Y13,FIND("-",Y13)+1,99),"")))=((AW13)-(AX13)))+2*((IFERROR(--LEFT(Y13,FIND("-",Y13)-1),""))=(AW13))+2*((IFERROR(--MID(Y13,FIND("-",Y13)+1,99),""))=(AX13))),"")) -> 0 | AA13: 1-2 | AB13: =IF(OR($C13="",AA13=""),"",IFERROR(IF(AND(IFERROR(--LEFT(AA13,FIND("-",AA13)-1),"")=AW13,IFERROR(--MID(AA13,FIND("-",AA13)+1,99),"")=AX13),10,5*(SIGN((IFERROR(--LEFT(AA13,FIND("-",AA13)-1),""))-(IFERROR(--MID(AA13,FIND("-",AA13)+1,99),"")))=SIGN((AW13)-(AX13)))+2*(((IFERROR(--LEFT(AA13,FIND("-",AA13)-1),""))-(IFERROR(--MID(AA13,FIND("-",AA13)+1,99),"")))=((AW13)-(AX13)))+2*((IFERROR(--LEFT(AA13,FIND("-",AA13)-1),""))=(AW13))+2*((IFERROR(--MID(AA13,FIND("-",AA13)+1,99),""))=(AX13))),"")) -> 2 | AC13: 1-3 | AD13: =IF(OR($C13="",AC13=""),"",IFERROR(IF(AND(IFERROR(--LEFT(AC13,FIND("-",AC13)-1),"")=AW13,IFERROR(--MID(AC13,FIND("-",AC13)+1,99),"")=AX13),10,5*(SIGN((IFERROR(--LEFT(AC13,FIND("-",AC13)-1),""))-(IFERROR(--MID(AC13,FIND("-",AC13)+1,99),"")))=SIGN((AW13)-(AX13)))+2*(((IFERROR(--LEFT(AC13,FIND("-",AC13)-1),""))-(IFERROR(--MID(AC13,FIND("-",AC13)+1,99),"")))=((AW13)-(AX13)))+2*((IFERROR(--LEFT(AC13,FIND("-",AC13)-1),""))=(AW13))+2*((IFERROR(--MID(AC13,FIND("-",AC13)+1,99),""))=(AX13))),"")) -> 2 | AE13: 0-2 | AF13: =IF(OR($C13="",AE13=""),"",IFERROR(IF(AND(IFERROR(--LEFT(AE13,FIND("-",AE13)-1),"")=AW13,IFERROR(--MID(AE13,FIND("-",AE13)+1,99),"")=AX13),10,5*(SIGN((IFERROR(--LEFT(AE13,FIND("-",AE13)-1),""))-(IFERROR(--MID(AE13,FIND("-",AE13)+1,99),"")))=SIGN((AW13)-(AX13)))+2*(((IFERROR(--LEFT(AE13,FIND("-",AE13)-1),""))-(IFERROR(--MID(AE13,FIND("-",AE13)+1,99),"")))=((AW13)-(AX13)))+2*((IFERROR(--LEFT(AE13,FIND("-",AE13)-1),""))=(AW13))+2*((IFERROR(--MID(AE13,FIND("-",AE13)+1,99),""))=(AX13))),"")) -> 0 | AG13: 0-2 | AH13: =IF(OR($C13="",AG13=""),"",IFERROR(IF(AND(IFERROR(--LEFT(AG13,FIND("-",AG13)-1),"")=AW13,IFERROR(--MID(AG13,FIND("-",AG13)+1,99),"")=AX13),10,5*(SIGN((IFERROR(--LEFT(AG13,FIND("-",AG13)-1),""))-(IFERROR(--MID(AG13,FIND("-",AG13)+1,99),"")))=SIGN((AW13)-(AX13)))+2*(((IFERROR(--LEFT(AG13,FIND("-",AG13)-1),""))-(IFERROR(--MID(AG13,FIND("-",AG13)+1,99),"")))=((AW13)-(AX13)))+2*((IFERROR(--LEFT(AG13,FIND("-",AG13)-1),""))=(AW13))+2*((IFERROR(--MID(AG13,FIND("-",AG13)+1,99),""))=(AX13))),"")) -> 0 | AI13: 0-3 | AJ13: =IF(OR($C13="",AI13=""),"",IFERROR(IF(AND(IFERROR(--LEFT(AI13,FIND("-",AI13)-1),"")=AW13,IFERROR(--MID(AI13,FIND("-",AI13)+1,99),"")=AX13),10,5*(SIGN((IFERROR(--LEFT(AI13,FIND("-",AI13)-1),""))-(IFERROR(--MID(AI13,FIND("-",AI13)+1,99),"")))=SIGN((AW13)-(AX13)))+2*(((IFERROR(--LEFT(AI13,FIND("-",AI13)-1),""))-(IFERROR(--MID(AI13,FIND("-",AI13)+1,99),"")))=((AW13)-(AX13)))+2*((IFERROR(--LEFT(AI13,FIND("-",AI13)-1),""))=(AW13))+2*((IFERROR(--MID(AI13,FIND("-",AI13)+1,99),""))=(AX13))),"")) -> 0 | AK13: 1-2 | AL13: =IF(OR($C13="",AK13=""),"",IFERROR(IF(AND(IFERROR(--LEFT(AK13,FIND("-",AK13)-1),"")=AW13,IFERROR(--MID(AK13,FIND("-",AK13)+1,99),"")=AX13),10,5*(SIGN((IFERROR(--LEFT(AK13,FIND("-",AK13)-1),""))-(IFERROR(--MID(AK13,FIND("-",AK13)+1,99),"")))=SIGN((AW13)-(AX13)))+2*(((IFERROR(--LEFT(AK13,FIND("-",AK13)-1),""))-(IFERROR(--MID(AK13,FIND("-",AK13)+1,99),"")))=((AW13)-(AX13)))+2*((IFERROR(--LEFT(AK13,FIND("-",AK13)-1),""))=(AW13))+2*((IFERROR(--MID(AK13,FIND("-",AK13)+1,99),""))=(AX13))),"")) -> 2 | AM13: 0-2 | AN13: =IF(OR($C13="",AM13=""),"",IFERROR(IF(AND(IFERROR(--LEFT(AM13,FIND("-",AM13)-1),"")=AW13,IFERROR(--MID(AM13,FIND("-",AM13)+1,99),"")=AX13),10,5*(SIGN((IFERROR(--LEFT(AM13,FIND("-",AM13)-1),""))-(IFERROR(--MID(AM13,FIND("-",AM13)+1,99),"")))=SIGN((AW13)-(AX13)))+2*(((IFERROR(--LEFT(AM13,FIND("-",AM13)-1),""))-(IFERROR(--MID(AM13,FIND("-",AM13)+1,99),"")))=((AW13)-(AX13)))+2*((IFERROR(--LEFT(AM13,FIND("-",AM13)-1),""))=(AW13))+2*((IFERROR(--MID(AM13,FIND("-",AM13)+1,99),""))=(AX13))),"")) -> 0 | AO13: 0-2 | AP13: =IF(OR($C13="",AO13=""),"",IFERROR(IF(AND(IFERROR(--LEFT(AO13,FIND("-",AO13)-1),"")=AW13,IFERROR(--MID(AO13,FIND("-",AO13)+1,99),"")=AX13),10,5*(SIGN((IFERROR(--LEFT(AO13,FIND("-",AO13)-1),""))-(IFERROR(--MID(AO13,FIND("-",AO13)+1,99),"")))=SIGN((AW13)-(AX13)))+2*(((IFERROR(--LEFT(AO13,FIND("-",AO13)-1),""))-(IFERROR(--MID(AO13,FIND("-",AO13)+1,99),"")))=((AW13)-(AX13)))+2*((IFERROR(--LEFT(AO13,FIND("-",AO13)-1),""))=(AW13))+2*((IFERROR(--MID(AO13,FIND("-",AO13)+1,99),""))=(AX13))),"")) -> 0 | AQ13: 0-2 | AR13: =IF(OR($C13="",AQ13=""),"",IFERROR(IF(AND(IFERROR(--LEFT(AQ13,FIND("-",AQ13)-1),"")=AW13,IFERROR(--MID(AQ13,FIND("-",AQ13)+1,99),"")=AX13),10,5*(SIGN((IFERROR(--LEFT(AQ13,FIND("-",AQ13)-1),""))-(IFERROR(--MID(AQ13,FIND("-",AQ13)+1,99),"")))=SIGN((AW13)-(AX13)))+2*(((IFERROR(--LEFT(AQ13,FIND("-",AQ13)-1),""))-(IFERROR(--MID(AQ13,FIND("-",AQ13)+1,99),"")))=((AW13)-(AX13)))+2*((IFERROR(--LEFT(AQ13,FIND("-",AQ13)-1),""))=(AW13))+2*((IFERROR(--MID(AQ13,FIND("-",AQ13)+1,99),""))=(AX13))),"")) -> 0 | AS13: 0-2 | AT13: =IF(OR($C13="",AS13=""),"",IFERROR(IF(AND(IFERROR(--LEFT(AS13,FIND("-",AS13)-1),"")=AW13,IFERROR(--MID(AS13,FIND("-",AS13)+1,99),"")=AX13),10,5*(SIGN((IFERROR(--LEFT(AS13,FIND("-",AS13)-1),""))-(IFERROR(--MID(AS13,FIND("-",AS13)+1,99),"")))=SIGN((AW13)-(AX13)))+2*(((IFERROR(--LEFT(AS13,FIND("-",AS13)-1),""))-(IFERROR(--MID(AS13,FIND("-",AS13)+1,99),"")))=((AW13)-(AX13)))+2*((IFERROR(--LEFT(AS13,FIND("-",AS13)-1),""))=(AW13))+2*((IFERROR(--MID(AS13,FIND("-",AS13)+1,99),""))=(AX13))),"")) -> 0 | AU13: 0-2 | AV13: =IF(OR($C13="",AU13=""),"",IFERROR(IF(AND(IFERROR(--LEFT(AU13,FIND("-",AU13)-1),"")=AW13,IFERROR(--MID(AU13,FIND("-",AU13)+1,99),"")=AX13),10,5*(SIGN((IFERROR(--LEFT(AU13,FIND("-",AU13)-1),""))-(IFERROR(--MID(AU13,FIND("-",AU13)+1,99),"")))=SIGN((AW13)-(AX13)))+2*(((IFERROR(--LEFT(AU13,FIND("-",AU13)-1),""))-(IFERROR(--MID(AU13,FIND("-",AU13)+1,99),"")))=((AW13)-(AX13)))+2*((IFERROR(--LEFT(AU13,FIND("-",AU13)-1),""))=(AW13))+2*((IFERROR(--MID(AU13,FIND("-",AU13)+1,99),""))=(AX13))),"")) -> 0 | AW13: =IF($C13="","",IFERROR(--LEFT($C13,FIND("-",$C13)-1),"")) -> 1 | AX13: =IF($C13="","",IFERROR(--MID($C13,FIND("-",$C13)+1,99),"")) -> 1
AR14: =IF(OR($C14="",AQ14=""),"",IFERROR(IF(AND(IFERROR(--LEFT(AQ14,FIND("-",AQ14)-1),"")=AW14,IFERROR(--MID(AQ14,FIND("-",AQ14)+1,99),"")=AX14),10,5*(SIGN((IFERROR(--LEFT(AQ14,FIND("-",AQ14)-1),""))-(IFERROR(--MID(AQ14,FIND("-",AQ14)+1,99),"")))=SIGN((AW14)-(AX14)))+2*(((IFERROR(--LEFT(AQ14,FIND("-",AQ14)-1),""))-(IFERROR(--MID(AQ14,FIND("-",AQ14)+1,99),"")))=((AW14)-(AX14)))+2*((IFERROR(--LEFT(AQ14,FIND("-",AQ14)-1),""))=(AW14))+2*((IFERROR(--MID(AQ14,FIND("-",AQ14)+1,99),""))=(AX14))),"")) | AT14: =IF(OR($C14="",AS14=""),"",IFERROR(IF(AND(IFERROR(--LEFT(AS14,FIND("-",AS14)-1),"")=AW14,IFERROR(--MID(AS14,FIND("-",AS14)+1,99),"")=AX14),10,5*(SIGN((IFERROR(--LEFT(AS14,FIND("-",AS14)-1),""))-(IFERROR(--MID(AS14,FIND("-",AS14)+1,99),"")))=SIGN((AW14)-(AX14)))+2*(((IFERROR(--LEFT(AS14,FIND("-",AS14)-1),""))-(IFERROR(--MID(AS14,FIND("-",AS14)+1,99),"")))=((AW14)-(AX14)))+2*((IFERROR(--LEFT(AS14,FIND("-",AS14)-1),""))=(AW14))+2*((IFERROR(--MID(AS14,FIND("-",AS14)+1,99),""))=(AX14))),""))
A15: zondag 14 juni 2026
A16: 1 | B16: Brazilië | C16: 1-1 | D16: Marokko | E16: 2-1 | F16: =IF(OR($C16="",E16=""),"",IFERROR(IF(AND(IFERROR(--LEFT(E16,FIND("-",E16)-1),"")=AW16,IFERROR(--MID(E16,FIND("-",E16)+1,99),"")=AX16),10,5*(SIGN((IFERROR(--LEFT(E16,FIND("-",E16)-1),""))-(IFERROR(--MID(E16,FIND("-",E16)+1,99),"")))=SIGN((AW16)-(AX16)))+2*(((IFERROR(--LEFT(E16,FIND("-",E16)-1),""))-(IFERROR(--MID(E16,FIND("-",E16)+1,99),"")))=((AW16)-(AX16)))+2*((IFERROR(--LEFT(E16,FIND("-",E16)-1),""))=(AW16))+2*((IFERROR(--MID(E16,FIND("-",E16)+1,99),""))=(AX16))),"")) -> 2 | G16: 3-2 | H16: =IF(OR($C16="",G16=""),"",IFERROR(IF(AND(IFERROR(--LEFT(G16,FIND("-",G16)-1),"")=AW16,IFERROR(--MID(G16,FIND("-",G16)+1,99),"")=AX16),10,5*(SIGN((IFERROR(--LEFT(G16,FIND("-",G16)-1),""))-(IFERROR(--MID(G16,FIND("-",G16)+1,99),"")))=SIGN((AW16)-(AX16)))+2*(((IFERROR(--LEFT(G16,FIND("-",G16)-1),""))-(IFERROR(--MID(G16,FIND("-",G16)+1,99),"")))=((AW16)-(AX16)))+2*((IFERROR(--LEFT(G16,FIND("-",G16)-1),""))=(AW16))+2*((IFERROR(--MID(G16,FIND("-",G16)+1,99),""))=(AX16))),"")) -> 0 | I16: 2-1 | J16: =IF(OR($C16="",I16=""),"",IFERROR(IF(AND(IFERROR(--LEFT(I16,FIND("-",I16)-1),"")=AW16,IFERROR(--MID(I16,FIND("-",I16)+1,99),"")=AX16),10,5*(SIGN((IFERROR(--LEFT(I16,FIND("-",I16)-1),""))-(IFERROR(--MID(I16,FIND("-",I16)+1,99),"")))=SIGN((AW16)-(AX16)))+2*(((IFERROR(--LEFT(I16,FIND("-",I16)-1),""))-(IFERROR(--MID(I16,FIND("-",I16)+1,99),"")))=((AW16)-(AX16)))+2*((IFERROR(--LEFT(I16,FIND("-",I16)-1),""))=(AW16))+2*((IFERROR(--MID(I16,FIND("-",I16)+1,99),""))=(AX16))),"")) -> 2 | K16: 2-0 | L16: =IF(OR($C16="",K16=""),"",IFERROR(IF(AND(IFERROR(--LEFT(K16,FIND("-",K16)-1),"")=AW16,IFERROR(--MID(K16,FIND("-",K16)+1,99),"")=AX16),10,5*(SIGN((IFERROR(--LEFT(K16,FIND("-",K16)-1),""))-(IFERROR(--MID(K16,FIND("-",K16)+1,99),"")))=SIGN((AW16)-(AX16)))+2*(((IFERROR(--LEFT(K16,FIND("-",K16)-1),""))-(IFERROR(--MID(K16,FIND("-",K16)+1,99),"")))=((AW16)-(AX16)))+2*((IFERROR(--LEFT(K16,FIND("-",K16)-1),""))=(AW16))+2*((IFERROR(--MID(K16,FIND("-",K16)+1,99),""))=(AX16))),"")) -> 0 | M16: 2-3 | N16: =IF(OR($C16="",M16=""),"",IFERROR(IF(AND(IFERROR(--LEFT(M16,FIND("-",M16)-1),"")=AW16,IFERROR(--MID(M16,FIND("-",M16)+1,99),"")=AX16),10,5*(SIGN((IFERROR(--LEFT(M16,FIND("-",M16)-1),""))-(IFERROR(--MID(M16,FIND("-",M16)+1,99),"")))=SIGN((AW16)-(AX16)))+2*(((IFERROR(--LEFT(M16,FIND("-",M16)-1),""))-(IFERROR(--MID(M16,FIND("-",M16)+1,99),"")))=((AW16)-(AX16)))+2*((IFERROR(--LEFT(M16,FIND("-",M16)-1),""))=(AW16))+2*((IFERROR(--MID(M16,FIND("-",M16)+1,99),""))=(AX16))),"")) -> 0 | O16: 2-1 | P16: =IF(OR($C16="",O16=""),"",IFERROR(IF(AND(IFERROR(--LEFT(O16,FIND("-",O16)-1),"")=AW16,IFERROR(--MID(O16,FIND("-",O16)+1,99),"")=AX16),10,5*(SIGN((IFERROR(--LEFT(O16,FIND("-",O16)-1),""))-(IFERROR(--MID(O16,FIND("-",O16)+1,99),"")))=SIGN((AW16)-(AX16)))+2*(((IFERROR(--LEFT(O16,FIND("-",O16)-1),""))-(IFERROR(--MID(O16,FIND("-",O16)+1,99),"")))=((AW16)-(AX16)))+2*((IFERROR(--LEFT(O16,FIND("-",O16)-1),""))=(AW16))+2*((IFERROR(--MID(O16,FIND("-",O16)+1,99),""))=(AX16))),"")) -> 2 | Q16: 4-2 | R16: =IF(OR($C16="",Q16=""),"",IFERROR(IF(AND(IFERROR(--LEFT(Q16,FIND("-",Q16)-1),"")=AW16,IFERROR(--MID(Q16,FIND("-",Q16)+1,99),"")=AX16),10,5*(SIGN((IFERROR(--LEFT(Q16,FIND("-",Q16)-1),""))-(IFERROR(--MID(Q16,FIND("-",Q16)+1,99),"")))=SIGN((AW16)-(AX16)))+2*(((IFERROR(--LEFT(Q16,FIND("-",Q16)-1),""))-(IFERROR(--MID(Q16,FIND("-",Q16)+1,99),"")))=((AW16)-(AX16)))+2*((IFERROR(--LEFT(Q16,FIND("-",Q16)-1),""))=(AW16))+2*((IFERROR(--MID(Q16,FIND("-",Q16)+1,99),""))=(AX16))),"")) -> 0 | S16: 4-0 | T16: =IF(OR($C16="",S16=""),"",IFERROR(IF(AND(IFERROR(--LEFT(S16,FIND("-",S16)-1),"")=AW16,IFERROR(--MID(S16,FIND("-",S16)+1,99),"")=AX16),10,5*(SIGN((IFERROR(--LEFT(S16,FIND("-",S16)-1),""))-(IFERROR(--MID(S16,FIND("-",S16)+1,99),"")))=SIGN((AW16)-(AX16)))+2*(((IFERROR(--LEFT(S16,FIND("-",S16)-1),""))-(IFERROR(--MID(S16,FIND("-",S16)+1,99),"")))=((AW16)-(AX16)))+2*((IFERROR(--LEFT(S16,FIND("-",S16)-1),""))=(AW16))+2*((IFERROR(--MID(S16,FIND("-",S16)+1,99),""))=(AX16))),"")) -> 0 | U16: 2-1 | V16: =IF(OR($C16="",U16=""),"",IFERROR(IF(AND(IFERROR(--LEFT(U16,FIND("-",U16)-1),"")=AW16,IFERROR(--MID(U16,FIND("-",U16)+1,99),"")=AX16),10,5*(SIGN((IFERROR(--LEFT(U16,FIND("-",U16)-1),""))-(IFERROR(--MID(U16,FIND("-",U16)+1,99),"")))=SIGN((AW16)-(AX16)))+2*(((IFERROR(--LEFT(U16,FIND("-",U16)-1),""))-(IFERROR(--MID(U16,FIND("-",U16)+1,99),"")))=((AW16)-(AX16)))+2*((IFERROR(--LEFT(U16,FIND("-",U16)-1),""))=(AW16))+2*((IFERROR(--MID(U16,FIND("-",U16)+1,99),""))=(AX16))),"")) -> 2 | W16: 2-1 | X16: =IF(OR($C16="",W16=""),"",IFERROR(IF(AND(IFERROR(--LEFT(W16,FIND("-",W16)-1),"")=AW16,IFERROR(--MID(W16,FIND("-",W16)+1,99),"")=AX16),10,5*(SIGN((IFERROR(--LEFT(W16,FIND("-",W16)-1),""))-(IFERROR(--MID(W16,FIND("-",W16)+1,99),"")))=SIGN((AW16)-(AX16)))+2*(((IFERROR(--LEFT(W16,FIND("-",W16)-1),""))-(IFERROR(--MID(W16,FIND("-",W16)+1,99),"")))=((AW16)-(AX16)))+2*((IFERROR(--LEFT(W16,FIND("-",W16)-1),""))=(AW16))+2*((IFERROR(--MID(W16,FIND("-",W16)+1,99),""))=(AX16))),"")) -> 2 | Y16: 2-1 | Z16: =IF(OR($C16="",Y16=""),"",IFERROR(IF(AND(IFERROR(--LEFT(Y16,FIND("-",Y16)-1),"")=AW16,IFERROR(--MID(Y16,FIND("-",Y16)+1,99),"")=AX16),10,5*(SIGN((IFERROR(--LEFT(Y16,FIND("-",Y16)-1),""))-(IFERROR(--MID(Y16,FIND("-",Y16)+1,99),"")))=SIGN((AW16)-(AX16)))+2*(((IFERROR(--LEFT(Y16,FIND("-",Y16)-1),""))-(IFERROR(--MID(Y16,FIND("-",Y16)+1,99),"")))=((AW16)-(AX16)))+2*((IFERROR(--LEFT(Y16,FIND("-",Y16)-1),""))=(AW16))+2*((IFERROR(--MID(Y16,FIND("-",Y16)+1,99),""))=(AX16))),"")) -> 2 | AA16: 2-2 | AB16: =IF(OR($C16="",AA16=""),"",IFERROR(IF(AND(IFERROR(--LEFT(AA16,FIND("-",AA16)-1),"")=AW16,IFERROR(--MID(AA16,FIND("-",AA16)+1,99),"")=AX16),10,5*(SIGN((IFERROR(--LEFT(AA16,FIND("-",AA16)-1),""))-(IFERROR(--MID(AA16,FIND("-",AA16)+1,99),"")))=SIGN((AW16)-(AX16)))+2*(((IFERROR(--LEFT(AA16,FIND("-",AA16)-1),""))-(IFERROR(--MID(AA16,FIND("-",AA16)+1,99),"")))=((AW16)-(AX16)))+2*((IFERROR(--LEFT(AA16,FIND("-",AA16)-1),""))=(AW16))+2*((IFERROR(--MID(AA16,FIND("-",AA16)+1,99),""))=(AX16))),"")) -> 7 | AC16: 3-1 | AD16: =IF(OR($C16="",AC16=""),"",IFERROR(IF(AND(IFERROR(--LEFT(AC16,FIND("-",AC16)-1),"")=AW16,IFERROR(--MID(AC16,FIND("-",AC16)+1,99),"")=AX16),10,5*(SIGN((IFERROR(--LEFT(AC16,FIND("-",AC16)-1),""))-(IFERROR(--MID(AC16,FIND("-",AC16)+1,99),"")))=SIGN((AW16)-(AX16)))+2*(((IFERROR(--LEFT(AC16,FIND("-",AC16)-1),""))-(IFERROR(--MID(AC16,FIND("-",AC16)+1,99),"")))=((AW16)-(AX16)))+2*((IFERROR(--LEFT(AC16,FIND("-",AC16)-1),""))=(AW16))+2*((IFERROR(--MID(AC16,FIND("-",AC16)+1,99),""))=(AX16))),"")) -> 2 | AE16: 3-1 | AF16: =IF(OR($C16="",AE16=""),"",IFERROR(IF(AND(IFERROR(--LEFT(AE16,FIND("-",AE16)-1),"")=AW16,IFERROR(--MID(AE16,FIND("-",AE16)+1,99),"")=AX16),10,5*(SIGN((IFERROR(--LEFT(AE16,FIND("-",AE16)-1),""))-(IFERROR(--MID(AE16,FIND("-",AE16)+1,99),"")))=SIGN((AW16)-(AX16)))+2*(((IFERROR(--LEFT(AE16,FIND("-",AE16)-1),""))-(IFERROR(--MID(AE16,FIND("-",AE16)+1,99),"")))=((AW16)-(AX16)))+2*((IFERROR(--LEFT(AE16,FIND("-",AE16)-1),""))=(AW16))+2*((IFERROR(--MID(AE16,FIND("-",AE16)+1,99),""))=(AX16))),"")) -> 2 | AG16: 2-1 | AH16: =IF(OR($C16="",AG16=""),"",IFERROR(IF(AND(IFERROR(--LEFT(AG16,FIND("-",AG16)-1),"")=AW16,IFERROR(--MID(AG16,FIND("-",AG16)+1,99),"")=AX16),10,5*(SIGN((IFERROR(--LEFT(AG16,FIND("-",AG16)-1),""))-(IFERROR(--MID(AG16,FIND("-",AG16)+1,99),"")))=SIGN((AW16)-(AX16)))+2*(((IFERROR(--LEFT(AG16,FIND("-",AG16)-1),""))-(IFERROR(--MID(AG16,FIND("-",AG16)+1,99),"")))=((AW16)-(AX16)))+2*((IFERROR(--LEFT(AG16,FIND("-",AG16)-1),""))=(AW16))+2*((IFERROR(--MID(AG16,FIND("-",AG16)+1,99),""))=(AX16))),"")) -> 2 | AI16: 4-1 | AJ16: =IF(OR($C16="",AI16=""),"",IFERROR(IF(AND(IFERROR(--LEFT(AI16,FIND("-",AI16)-1),"")=AW16,IFERROR(--MID(AI16,FIND("-",AI16)+1,99),"")=AX16),10,5*(SIGN((IFERROR(--LEFT(AI16,FIND("-",AI16)-1),""))-(IFERROR(--MID(AI16,FIND("-",AI16)+1,99),"")))=SIGN((AW16)-(AX16)))+2*(((IFERROR(--LEFT(AI16,FIND("-",AI16)-1),""))-(IFERROR(--MID(AI16,FIND("-",AI16)+1,99),"")))=((AW16)-(AX16)))+2*((IFERROR(--LEFT(AI16,FIND("-",AI16)-1),""))=(AW16))+2*((IFERROR(--MID(AI16,FIND("-",AI16)+1,99),""))=(AX16))),"")) -> 2 | AK16: 2-1 | AL16: =IF(OR($C16="",AK16=""),"",IFERROR(IF(AND(IFERROR(--LEFT(AK16,FIND("-",AK16)-1),"")=AW16,IFERROR(--MID(AK16,FIND("-",AK16)+1,99),"")=AX16),10,5*(SIGN((IFERROR(--LEFT(AK16,FIND("-",AK16)-1),""))-(IFERROR(--MID(AK16,FIND("-",AK16)+1,99),"")))=SIGN((AW16)-(AX16)))+2*(((IFERROR(--LEFT(AK16,FIND("-",AK16)-1),""))-(IFERROR(--MID(AK16,FIND("-",AK16)+1,99),"")))=((AW16)-(AX16)))+2*((IFERROR(--LEFT(AK16,FIND("-",AK16)-1),""))=(AW16))+2*((IFERROR(--MID(AK16,FIND("-",AK16)+1,99),""))=(AX16))),"")) -> 2 | AM16: 1-0 | AN16: =IF(OR($C16="",AM16=""),"",IFERROR(IF(AND(IFERROR(--LEFT(AM16,FIND("-",AM16)-1),"")=AW16,IFERROR(--MID(AM16,FIND("-",AM16)+1,99),"")=AX16),10,5*(SIGN((IFERROR(--LEFT(AM16,FIND("-",AM16)-1),""))-(IFERROR(--MID(AM16,FIND("-",AM16)+1,99),"")))=SIGN((AW16)-(AX16)))+2*(((IFERROR(--LEFT(AM16,FIND("-",AM16)-1),""))-(IFERROR(--MID(AM16,FIND("-",AM16)+1,99),"")))=((AW16)-(AX16)))+2*((IFERROR(--LEFT(AM16,FIND("-",AM16)-1),""))=(AW16))+2*((IFERROR(--MID(AM16,FIND("-",AM16)+1,99),""))=(AX16))),"")) -> 2 | AO16: 1-1 | AP16: =IF(OR($C16="",AO16=""),"",IFERROR(IF(AND(IFERROR(--LEFT(AO16,FIND("-",AO16)-1),"")=AW16,IFERROR(--MID(AO16,FIND("-",AO16)+1,99),"")=AX16),10,5*(SIGN((IFERROR(--LEFT(AO16,FIND("-",AO16)-1),""))-(IFERROR(--MID(AO16,FIND("-",AO16)+1,99),"")))=SIGN((AW16)-(AX16)))+2*(((IFERROR(--LEFT(AO16,FIND("-",AO16)-1),""))-(IFERROR(--MID(AO16,FIND("-",AO16)+1,99),"")))=((AW16)-(AX16)))+2*((IFERROR(--LEFT(AO16,FIND("-",AO16)-1),""))=(AW16))+2*((IFERROR(--MID(AO16,FIND("-",AO16)+1,99),""))=(AX16))),"")) -> 10 | AQ16: 2-1 | AR16: =IF(OR($C16="",AQ16=""),"",IFERROR(IF(AND(IFERROR(--LEFT(AQ16,FIND("-",AQ16)-1),"")=AW16,IFERROR(--MID(AQ16,FIND("-",AQ16)+1,99),"")=AX16),10,5*(SIGN((IFERROR(--LEFT(AQ16,FIND("-",AQ16)-1),""))-(IFERROR(--MID(AQ16,FIND("-",AQ16)+1,99),"")))=SIGN((AW16)-(AX16)))+2*(((IFERROR(--LEFT(AQ16,FIND("-",AQ16)-1),""))-(IFERROR(--MID(AQ16,FIND("-",AQ16)+1,99),"")))=((AW16)-(AX16)))+2*((IFERROR(--LEFT(AQ16,FIND("-",AQ16)-1),""))=(AW16))+2*((IFERROR(--MID(AQ16,FIND("-",AQ16)+1,99),""))=(AX16))),"")) -> 2 | AS16: 2-1 | AT16: =IF(OR($C16="",AS16=""),"",IFERROR(IF(AND(IFERROR(--LEFT(AS16,FIND("-",AS16)-1),"")=AW16,IFERROR(--MID(AS16,FIND("-",AS16)+1,99),"")=AX16),10,5*(SIGN((IFERROR(--LEFT(AS16,FIND("-",AS16)-1),""))-(IFERROR(--MID(AS16,FIND("-",AS16)+1,99),"")))=SIGN((AW16)-(AX16)))+2*(((IFERROR(--LEFT(AS16,FIND("-",AS16)-1),""))-(IFERROR(--MID(AS16,FIND("-",AS16)+1,99),"")))=((AW16)-(AX16)))+2*((IFERROR(--LEFT(AS16,FIND("-",AS16)-1),""))=(AW16))+2*((IFERROR(--MID(AS16,FIND("-",AS16)+1,99),""))=(AX16))),"")) -> 2 | AU16: 2-2 | AV16: =IF(OR($C16="",AU16=""),"",IFERROR(IF(AND(IFERROR(--LEFT(AU16,FIND("-",AU16)-1),"")=AW16,IFERROR(--MID(AU16,FIND("-",AU16)+1,99),"")=AX16),10,5*(SIGN((IFERROR(--LEFT(AU16,FIND("-",AU16)-1),""))-(IFERROR(--MID(AU16,FIND("-",AU16)+1,99),"")))=SIGN((AW16)-(AX16)))+2*(((IFERROR(--LEFT(AU16,FIND("-",AU16)-1),""))-(IFERROR(--MID(AU16,FIND("-",AU16)+1,99),"")))=((AW16)-(AX16)))+2*((IFERROR(--LEFT(AU16,FIND("-",AU16)-1),""))=(AW16))+2*((IFERROR(--MID(AU16,FIND("-",AU16)+1,99),""))=(AX16))),"")) -> 7 | AW16: =IF($C16="","",IFERROR(--LEFT($C16,FIND("-",$C16)-1),"")) -> 1 | AX16: =IF($C16="","",IFERROR(--MID($C16,FIND("-",$C16)+1,99),"")) -> 1
A17: 1.125 | B17: Haïti | C17: 0-1 | D17: Schotland | E17: 0-2 | F17: =IF(OR($C17="",E17=""),"",IFERROR(IF(AND(IFERROR(--LEFT(E17,FIND("-",E17)-1),"")=AW17,IFERROR(--MID(E17,FIND("-",E17)+1,99),"")=AX17),10,5*(SIGN((IFERROR(--LEFT(E17,FIND("-",E17)-1),""))-(IFERROR(--MID(E17,FIND("-",E17)+1,99),"")))=SIGN((AW17)-(AX17)))+2*(((IFERROR(--LEFT(E17,FIND("-",E17)-1),""))-(IFERROR(--MID(E17,FIND("-",E17)+1,99),"")))=((AW17)-(AX17)))+2*((IFERROR(--LEFT(E17,FIND("-",E17)-1),""))=(AW17))+2*((IFERROR(--MID(E17,FIND("-",E17)+1,99),""))=(AX17))),"")) -> 7 | G17: 0-2 | H17: =IF(OR($C17="",G17=""),"",IFERROR(IF(AND(IFERROR(--LEFT(G17,FIND("-",G17)-1),"")=AW17,IFERROR(--MID(G17,FIND("-",G17)+1,99),"")=AX17),10,5*(SIGN((IFERROR(--LEFT(G17,FIND("-",G17)-1),""))-(IFERROR(--MID(G17,FIND("-",G17)+1,99),"")))=SIGN((AW17)-(AX17)))+2*(((IFERROR(--LEFT(G17,FIND("-",G17)-1),""))-(IFERROR(--MID(G17,FIND("-",G17)+1,99),"")))=((AW17)-(AX17)))+2*((IFERROR(--LEFT(G17,FIND("-",G17)-1),""))=(AW17))+2*((IFERROR(--MID(G17,FIND("-",G17)+1,99),""))=(AX17))),"")) -> 7 | I17: 0-1 | J17: =IF(OR($C17="",I17=""),"",IFERROR(IF(AND(IFERROR(--LEFT(I17,FIND("-",I17)-1),"")=AW17,IFERROR(--MID(I17,FIND("-",I17)+1,99),"")=AX17),10,5*(SIGN((IFERROR(--LEFT(I17,FIND("-",I17)-1),""))-(IFERROR(--MID(I17,FIND("-",I17)+1,99),"")))=SIGN((AW17)-(AX17)))+2*(((IFERROR(--LEFT(I17,FIND("-",I17)-1),""))-(IFERROR(--MID(I17,FIND("-",I17)+1,99),"")))=((AW17)-(AX17)))+2*((IFERROR(--LEFT(I17,FIND("-",I17)-1),""))=(AW17))+2*((IFERROR(--MID(I17,FIND("-",I17)+1,99),""))=(AX17))),"")) -> 10 | K17: 0-3 | L17: =IF(OR($C17="",K17=""),"",IFERROR(IF(AND(IFERROR(--LEFT(K17,FIND("-",K17)-1),"")=AW17,IFERROR(--MID(K17,FIND("-",K17)+1,99),"")=AX17),10,5*(SIGN((IFERROR(--LEFT(K17,FIND("-",K17)-1),""))-(IFERROR(--MID(K17,FIND("-",K17)+1,99),"")))=SIGN((AW17)-(AX17)))+2*(((IFERROR(--LEFT(K17,FIND("-",K17)-1),""))-(IFERROR(--MID(K17,FIND("-",K17)+1,99),"")))=((AW17)-(AX17)))+2*((IFERROR(--LEFT(K17,FIND("-",K17)-1),""))=(AW17))+2*((IFERROR(--MID(K17,FIND("-",K17)+1,99),""))=(AX17))),"")) -> 7 | M17: 0-4 | N17: =IF(OR($C17="",M17=""),"",IFERROR(IF(AND(IFERROR(--LEFT(M17,FIND("-",M17)-1),"")=AW17,IFERROR(--MID(M17,FIND("-",M17)+1,99),"")=AX17),10,5*(SIGN((IFERROR(--LEFT(M17,FIND("-",M17)-1),""))-(IFERROR(--MID(M17,FIND("-",M17)+1,99),"")))=SIGN((AW17)-(AX17)))+2*(((IFERROR(--LEFT(M17,FIND("-",M17)-1),""))-(IFERROR(--MID(M17,FIND("-",M17)+1,99),"")))=((AW17)-(AX17)))+2*((IFERROR(--LEFT(M17,FIND("-",M17)-1),""))=(AW17))+2*((IFERROR(--MID(M17,FIND("-",M17)+1,99),""))=(AX17))),"")) -> 7 | O17: 0-2 | P17: =IF(OR($C17="",O17=""),"",IFERROR(IF(AND(IFERROR(--LEFT(O17,FIND("-",O17)-1),"")=AW17,IFERROR(--MID(O17,FIND("-",O17)+1,99),"")=AX17),10,5*(SIGN((IFERROR(--LEFT(O17,FIND("-",O17)-1),""))-(IFERROR(--MID(O17,FIND("-",O17)+1,99),"")))=SIGN((AW17)-(AX17)))+2*(((IFERROR(--LEFT(O17,FIND("-",O17)-1),""))-(IFERROR(--MID(O17,FIND("-",O17)+1,99),"")))=((AW17)-(AX17)))+2*((IFERROR(--LEFT(O17,FIND("-",O17)-1),""))=(AW17))+2*((IFERROR(--MID(O17,FIND("-",O17)+1,99),""))=(AX17))),"")) -> 7 | Q17: 0-2 | R17: =IF(OR($C17="",Q17=""),"",IFERROR(IF(AND(IFERROR(--LEFT(Q17,FIND("-",Q17)-1),"")=AW17,IFERROR(--MID(Q17,FIND("-",Q17)+1,99),"")=AX17),10,5*(SIGN((IFERROR(--LEFT(Q17,FIND("-",Q17)-1),""))-(IFERROR(--MID(Q17,FIND("-",Q17)+1,99),"")))=SIGN((AW17)-(AX17)))+2*(((IFERROR(--LEFT(Q17,FIND("-",Q17)-1),""))-(IFERROR(--MID(Q17,FIND("-",Q17)+1,99),"")))=((AW17)-(AX17)))+2*((IFERROR(--LEFT(Q17,FIND("-",Q17)-1),""))=(AW17))+2*((IFERROR(--MID(Q17,FIND("-",Q17)+1,99),""))=(AX17))),"")) -> 7 | S17: 1-1 | T17: =IF(OR($C17="",S17=""),"",IFERROR(IF(AND(IFERROR(--LEFT(S17,FIND("-",S17)-1),"")=AW17,IFERROR(--MID(S17,FIND("-",S17)+1,99),"")=AX17),10,5*(SIGN((IFERROR(--LEFT(S17,FIND("-",S17)-1),""))-(IFERROR(--MID(S17,FIND("-",S17)+1,99),"")))=SIGN((AW17)-(AX17)))+2*(((IFERROR(--LEFT(S17,FIND("-",S17)-1),""))-(IFERROR(--MID(S17,FIND("-",S17)+1,99),"")))=((AW17)-(AX17)))+2*((IFERROR(--LEFT(S17,FIND("-",S17)-1),""))=(AW17))+2*((IFERROR(--MID(S17,FIND("-",S17)+1,99),""))=(AX17))),"")) -> 2 | U17: 0-2 | V17: =IF(OR($C17="",U17=""),"",IFERROR(IF(AND(IFERROR(--LEFT(U17,FIND("-",U17)-1),"")=AW17,IFERROR(--MID(U17,FIND("-",U17)+1,99),"")=AX17),10,5*(SIGN((IFERROR(--LEFT(U17,FIND("-",U17)-1),""))-(IFERROR(--MID(U17,FIND("-",U17)+1,99),"")))=SIGN((AW17)-(AX17)))+2*(((IFERROR(--LEFT(U17,FIND("-",U17)-1),""))-(IFERROR(--MID(U17,FIND("-",U17)+1,99),"")))=((AW17)-(AX17)))+2*((IFERROR(--LEFT(U17,FIND("-",U17)-1),""))=(AW17))+2*((IFERROR(--MID(U17,FIND("-",U17)+1,99),""))=(AX17))),"")) -> 7 | W17: 0-2 | X17: =IF(OR($C17="",W17=""),"",IFERROR(IF(AND(IFERROR(--LEFT(W17,FIND("-",W17)-1),"")=AW17,IFERROR(--MID(W17,FIND("-",W17)+1,99),"")=AX17),10,5*(SIGN((IFERROR(--LEFT(W17,FIND("-",W17)-1),""))-(IFERROR(--MID(W17,FIND("-",W17)+1,99),"")))=SIGN((AW17)-(AX17)))+2*(((IFERROR(--LEFT(W17,FIND("-",W17)-1),""))-(IFERROR(--MID(W17,FIND("-",W17)+1,99),"")))=((AW17)-(AX17)))+2*((IFERROR(--LEFT(W17,FIND("-",W17)-1),""))=(AW17))+2*((IFERROR(--MID(W17,FIND("-",W17)+1,99),""))=(AX17))),"")) -> 7 | Y17: 0-2 | Z17: =IF(OR($C17="",Y17=""),"",IFERROR(IF(AND(IFERROR(--LEFT(Y17,FIND("-",Y17)-1),"")=AW17,IFERROR(--MID(Y17,FIND("-",Y17)+1,99),"")=AX17),10,5*(SIGN((IFERROR(--LEFT(Y17,FIND("-",Y17)-1),""))-(IFERROR(--MID(Y17,FIND("-",Y17)+1,99),"")))=SIGN((AW17)-(AX17)))+2*(((IFERROR(--LEFT(Y17,FIND("-",Y17)-1),""))-(IFERROR(--MID(Y17,FIND("-",Y17)+1,99),"")))=((AW17)-(AX17)))+2*((IFERROR(--LEFT(Y17,FIND("-",Y17)-1),""))=(AW17))+2*((IFERROR(--MID(Y17,FIND("-",Y17)+1,99),""))=(AX17))),"")) -> 7 | AA17: 1-3 | AB17: =IF(OR($C17="",AA17=""),"",IFERROR(IF(AND(IFERROR(--LEFT(AA17,FIND("-",AA17)-1),"")=AW17,IFERROR(--MID(AA17,FIND("-",AA17)+1,99),"")=AX17),10,5*(SIGN((IFERROR(--LEFT(AA17,FIND("-",AA17)-1),""))-(IFERROR(--MID(AA17,FIND("-",AA17)+1,99),"")))=SIGN((AW17)-(AX17)))+2*(((IFERROR(--LEFT(AA17,FIND("-",AA17)-1),""))-(IFERROR(--MID(AA17,FIND("-",AA17)+1,99),"")))=((AW17)-(AX17)))+2*((IFERROR(--LEFT(AA17,FIND("-",AA17)-1),""))=(AW17))+2*((IFERROR(--MID(AA17,FIND("-",AA17)+1,99),""))=(AX17))),"")) -> 5 | AC17: 2-3 | AD17: =IF(OR($C17="",AC17=""),"",IFERROR(IF(AND(IFERROR(--LEFT(AC17,FIND("-",AC17)-1),"")=AW17,IFERROR(--MID(AC17,FIND("-",AC17)+1,99),"")=AX17),10,5*(SIGN((IFERROR(--LEFT(AC17,FIND("-",AC17)-1),""))-(IFERROR(--MID(AC17,FIND("-",AC17)+1,99),"")))=SIGN((AW17)-(AX17)))+2*(((IFERROR(--LEFT(AC17,FIND("-",AC17)-1),""))-(IFERROR(--MID(AC17,FIND("-",AC17)+1,99),"")))=((AW17)-(AX17)))+2*((IFERROR(--LEFT(AC17,FIND("-",AC17)-1),""))=(AW17))+2*((IFERROR(--MID(AC17,FIND("-",AC17)+1,99),""))=(AX17))),"")) -> 7 | AE17: 0-1 | AF17: =IF(OR($C17="",AE17=""),"",IFERROR(IF(AND(IFERROR(--LEFT(AE17,FIND("-",AE17)-1),"")=AW17,IFERROR(--MID(AE17,FIND("-",AE17)+1,99),"")=AX17),10,5*(SIGN((IFERROR(--LEFT(AE17,FIND("-",AE17)-1),""))-(IFERROR(--MID(AE17,FIND("-",AE17)+1,99),"")))=SIGN((AW17)-(AX17)))+2*(((IFERROR(--LEFT(AE17,FIND("-",AE17)-1),""))-(IFERROR(--MID(AE17,FIND("-",AE17)+1,99),"")))=((AW17)-(AX17)))+2*((IFERROR(--LEFT(AE17,FIND("-",AE17)-1),""))=(AW17))+2*((IFERROR(--MID(AE17,FIND("-",AE17)+1,99),""))=(AX17))),"")) -> 10 | AG17: 0-1 | AH17: =IF(OR($C17="",AG17=""),"",IFERROR(IF(AND(IFERROR(--LEFT(AG17,FIND("-",AG17)-1),"")=AW17,IFERROR(--MID(AG17,FIND("-",AG17)+1,99),"")=AX17),10,5*(SIGN((IFERROR(--LEFT(AG17,FIND("-",AG17)-1),""))-(IFERROR(--MID(AG17,FIND("-",AG17)+1,99),"")))=SIGN((AW17)-(AX17)))+2*(((IFERROR(--LEFT(AG17,FIND("-",AG17)-1),""))-(IFERROR(--MID(AG17,FIND("-",AG17)+1,99),"")))=((AW17)-(AX17)))+2*((IFERROR(--LEFT(AG17,FIND("-",AG17)-1),""))=(AW17))+2*((IFERROR(--MID(AG17,FIND("-",AG17)+1,99),""))=(AX17))),"")) -> 10 | AI17: 0-2 | AJ17: =IF(OR($C17="",AI17=""),"",IFERROR(IF(AND(IFERROR(--LEFT(AI17,FIND("-",AI17)-1),"")=AW17,IFERROR(--MID(AI17,FIND("-",AI17)+1,99),"")=AX17),10,5*(SIGN((IFERROR(--LEFT(AI17,FIND("-",AI17)-1),""))-(IFERROR(--MID(AI17,FIND("-",AI17)+1,99),"")))=SIGN((AW17)-(AX17)))+2*(((IFERROR(--LEFT(AI17,FIND("-",AI17)-1),""))-(IFERROR(--MID(AI17,FIND("-",AI17)+1,99),"")))=((AW17)-(AX17)))+2*((IFERROR(--LEFT(AI17,FIND("-",AI17)-1),""))=(AW17))+2*((IFERROR(--MID(AI17,FIND("-",AI17)+1,99),""))=(AX17))),"")) -> 7 | AK17: 1-2 | AL17: =IF(OR($C17="",AK17=""),"",IFERROR(IF(AND(IFERROR(--LEFT(AK17,FIND("-",AK17)-1),"")=AW17,IFERROR(--MID(AK17,FIND("-",AK17)+1,99),"")=AX17),10,5*(SIGN((IFERROR(--LEFT(AK17,FIND("-",AK17)-1),""))-(IFERROR(--MID(AK17,FIND("-",AK17)+1,99),"")))=SIGN((AW17)-(AX17)))+2*(((IFERROR(--LEFT(AK17,FIND("-",AK17)-1),""))-(IFERROR(--MID(AK17,FIND("-",AK17)+1,99),"")))=((AW17)-(AX17)))+2*((IFERROR(--LEFT(AK17,FIND("-",AK17)-1),""))=(AW17))+2*((IFERROR(--MID(AK17,FIND("-",AK17)+1,99),""))=(AX17))),"")) -> 7 | AM17: 0-2 | AN17: =IF(OR($C17="",AM17=""),"",IFERROR(IF(AND(IFERROR(--LEFT(AM17,FIND("-",AM17)-1),"")=AW17,IFERROR(--MID(AM17,FIND("-",AM17)+1,99),"")=AX17),10,5*(SIGN((IFERROR(--LEFT(AM17,FIND("-",AM17)-1),""))-(IFERROR(--MID(AM17,FIND("-",AM17)+1,99),"")))=SIGN((AW17)-(AX17)))+2*(((IFERROR(--LEFT(AM17,FIND("-",AM17)-1),""))-(IFERROR(--MID(AM17,FIND("-",AM17)+1,99),"")))=((AW17)-(AX17)))+2*((IFERROR(--LEFT(AM17,FIND("-",AM17)-1),""))=(AW17))+2*((IFERROR(--MID(AM17,FIND("-",AM17)+1,99),""))=(AX17))),"")) -> 7 | AO17: 0-1 | AP17: =IF(OR($C17="",AO17=""),"",IFERROR(IF(AND(IFERROR(--LEFT(AO17,FIND("-",AO17)-1),"")=AW17,IFERROR(--MID(AO17,FIND("-",AO17)+1,99),"")=AX17),10,5*(SIGN((IFERROR(--LEFT(AO17,FIND("-",AO17)-1),""))-(IFERROR(--MID(AO17,FIND("-",AO17)+1,99),"")))=SIGN((AW17)-(AX17)))+2*(((IFERROR(--LEFT(AO17,FIND("-",AO17)-1),""))-(IFERROR(--MID(AO17,FIND("-",AO17)+1,99),"")))=((AW17)-(AX17)))+2*((IFERROR(--LEFT(AO17,FIND("-",AO17)-1),""))=(AW17))+2*((IFERROR(--MID(AO17,FIND("-",AO17)+1,99),""))=(AX17))),"")) -> 10 | AQ17: 1-1 | AR17: =IF(OR($C17="",AQ17=""),"",IFERROR(IF(AND(IFERROR(--LEFT(AQ17,FIND("-",AQ17)-1),"")=AW17,IFERROR(--MID(AQ17,FIND("-",AQ17)+1,99),"")=AX17),10,5*(SIGN((IFERROR(--LEFT(AQ17,FIND("-",AQ17)-1),""))-(IFERROR(--MID(AQ17,FIND("-",AQ17)+1,99),"")))=SIGN((AW17)-(AX17)))+2*(((IFERROR(--LEFT(AQ17,FIND("-",AQ17)-1),""))-(IFERROR(--MID(AQ17,FIND("-",AQ17)+1,99),"")))=((AW17)-(AX17)))+2*((IFERROR(--LEFT(AQ17,FIND("-",AQ17)-1),""))=(AW17))+2*((IFERROR(--MID(AQ17,FIND("-",AQ17)+1,99),""))=(AX17))),"")) -> 2 | AS17: 0-2 | AT17: =IF(OR($C17="",AS17=""),"",IFERROR(IF(AND(IFERROR(--LEFT(AS17,FIND("-",AS17)-1),"")=AW17,IFERROR(--MID(AS17,FIND("-",AS17)+1,99),"")=AX17),10,5*(SIGN((IFERROR(--LEFT(AS17,FIND("-",AS17)-1),""))-(IFERROR(--MID(AS17,FIND("-",AS17)+1,99),"")))=SIGN((AW17)-(AX17)))+2*(((IFERROR(--LEFT(AS17,FIND("-",AS17)-1),""))-(IFERROR(--MID(AS17,FIND("-",AS17)+1,99),"")))=((AW17)-(AX17)))+2*((IFERROR(--LEFT(AS17,FIND("-",AS17)-1),""))=(AW17))+2*((IFERROR(--MID(AS17,FIND("-",AS17)+1,99),""))=(AX17))),"")) -> 7 | AU17: 0-1 | AV17: =IF(OR($C17="",AU17=""),"",IFERROR(IF(AND(IFERROR(--LEFT(AU17,FIND("-",AU17)-1),"")=AW17,IFERROR(--MID(AU17,FIND("-",AU17)+1,99),"")=AX17),10,5*(SIGN((IFERROR(--LEFT(AU17,FIND("-",AU17)-1),""))-(IFERROR(--MID(AU17,FIND("-",AU17)+1,99),"")))=SIGN((AW17)-(AX17)))+2*(((IFERROR(--LEFT(AU17,FIND("-",AU17)-1),""))-(IFERROR(--MID(AU17,FIND("-",AU17)+1,99),"")))=((AW17)-(AX17)))+2*((IFERROR(--LEFT(AU17,FIND("-",AU17)-1),""))=(AW17))+2*((IFERROR(--MID(AU17,FIND("-",AU17)+1,99),""))=(AX17))),"")) -> 10 | AW17: =IF($C17="","",IFERROR(--LEFT($C17,FIND("-",$C17)-1),"")) -> 0 | AX17: =IF($C17="","",IFERROR(--MID($C17,FIND("-",$C17)+1,99),"")) -> 1
A18: 1.25 | B18: Australië | C18: 2-0 | D18: Turkije | E18: 1-1 | F18: =IF(OR($C18="",E18=""),"",IFERROR(IF(AND(IFERROR(--LEFT(E18,FIND("-",E18)-1),"")=AW18,IFERROR(--MID(E18,FIND("-",E18)+1,99),"")=AX18),10,5*(SIGN((IFERROR(--LEFT(E18,FIND("-",E18)-1),""))-(IFERROR(--MID(E18,FIND("-",E18)+1,99),"")))=SIGN((AW18)-(AX18)))+2*(((IFERROR(--LEFT(E18,FIND("-",E18)-1),""))-(IFERROR(--MID(E18,FIND("-",E18)+1,99),"")))=((AW18)-(AX18)))+2*((IFERROR(--LEFT(E18,FIND("-",E18)-1),""))=(AW18))+2*((IFERROR(--MID(E18,FIND("-",E18)+1,99),""))=(AX18))),"")) -> 0 | G18: 2-1 | H18: =IF(OR($C18="",G18=""),"",IFERROR(IF(AND(IFERROR(--LEFT(G18,FIND("-",G18)-1),"")=AW18,IFERROR(--MID(G18,FIND("-",G18)+1,99),"")=AX18),10,5*(SIGN((IFERROR(--LEFT(G18,FIND("-",G18)-1),""))-(IFERROR(--MID(G18,FIND("-",G18)+1,99),"")))=SIGN((AW18)-(AX18)))+2*(((IFERROR(--LEFT(G18,FIND("-",G18)-1),""))-(IFERROR(--MID(G18,FIND("-",G18)+1,99),"")))=((AW18)-(AX18)))+2*((IFERROR(--LEFT(G18,FIND("-",G18)-1),""))=(AW18))+2*((IFERROR(--MID(G18,FIND("-",G18)+1,99),""))=(AX18))),"")) -> 7 | I18: 0-2 | J18: =IF(OR($C18="",I18=""),"",IFERROR(IF(AND(IFERROR(--LEFT(I18,FIND("-",I18)-1),"")=AW18,IFERROR(--MID(I18,FIND("-",I18)+1,99),"")=AX18),10,5*(SIGN((IFERROR(--LEFT(I18,FIND("-",I18)-1),""))-(IFERROR(--MID(I18,FIND("-",I18)+1,99),"")))=SIGN((AW18)-(AX18)))+2*(((IFERROR(--LEFT(I18,FIND("-",I18)-1),""))-(IFERROR(--MID(I18,FIND("-",I18)+1,99),"")))=((AW18)-(AX18)))+2*((IFERROR(--LEFT(I18,FIND("-",I18)-1),""))=(AW18))+2*((IFERROR(--MID(I18,FIND("-",I18)+1,99),""))=(AX18))),"")) -> 0 | K18: 0-1 | L18: =IF(OR($C18="",K18=""),"",IFERROR(IF(AND(IFERROR(--LEFT(K18,FIND("-",K18)-1),"")=AW18,IFERROR(--MID(K18,FIND("-",K18)+1,99),"")=AX18),10,5*(SIGN((IFERROR(--LEFT(K18,FIND("-",K18)-1),""))-(IFERROR(--MID(K18,FIND("-",K18)+1,99),"")))=SIGN((AW18)-(AX18)))+2*(((IFERROR(--LEFT(K18,FIND("-",K18)-1),""))-(IFERROR(--MID(K18,FIND("-",K18)+1,99),"")))=((AW18)-(AX18)))+2*((IFERROR(--LEFT(K18,FIND("-",K18)-1),""))=(AW18))+2*((IFERROR(--MID(K18,FIND("-",K18)+1,99),""))=(AX18))),"")) -> 0 | M18: 1-1 | N18: =IF(OR($C18="",M18=""),"",IFERROR(IF(AND(IFERROR(--LEFT(M18,FIND("-",M18)-1),"")=AW18,IFERROR(--MID(M18,FIND("-",M18)+1,99),"")=AX18),10,5*(SIGN((IFERROR(--LEFT(M18,FIND("-",M18)-1),""))-(IFERROR(--MID(M18,FIND("-",M18)+1,99),"")))=SIGN((AW18)-(AX18)))+2*(((IFERROR(--LEFT(M18,FIND("-",M18)-1),""))-(IFERROR(--MID(M18,FIND("-",M18)+1,99),"")))=((AW18)-(AX18)))+2*((IFERROR(--LEFT(M18,FIND("-",M18)-1),""))=(AW18))+2*((IFERROR(--MID(M18,FIND("-",M18)+1,99),""))=(AX18))),"")) -> 0 | O18: 1-1 | P18: =IF(OR($C18="",O18=""),"",IFERROR(IF(AND(IFERROR(--LEFT(O18,FIND("-",O18)-1),"")=AW18,IFERROR(--MID(O18,FIND("-",O18)+1,99),"")=AX18),10,5*(SIGN((IFERROR(--LEFT(O18,FIND("-",O18)-1),""))-(IFERROR(--MID(O18,FIND("-",O18)+1,99),"")))=SIGN((AW18)-(AX18)))+2*(((IFERROR(--LEFT(O18,FIND("-",O18)-1),""))-(IFERROR(--MID(O18,FIND("-",O18)+1,99),"")))=((AW18)-(AX18)))+2*((IFERROR(--LEFT(O18,FIND("-",O18)-1),""))=(AW18))+2*((IFERROR(--MID(O18,FIND("-",O18)+1,99),""))=(AX18))),"")) -> 0 | Q18: 0-2 | R18: =IF(OR($C18="",Q18=""),"",IFERROR(IF(AND(IFERROR(--LEFT(Q18,FIND("-",Q18)-1),"")=AW18,IFERROR(--MID(Q18,FIND("-",Q18)+1,99),"")=AX18),10,5*(SIGN((IFERROR(--LEFT(Q18,FIND("-",Q18)-1),""))-(IFERROR(--MID(Q18,FIND("-",Q18)+1,99),"")))=SIGN((AW18)-(AX18)))+2*(((IFERROR(--LEFT(Q18,FIND("-",Q18)-1),""))-(IFERROR(--MID(Q18,FIND("-",Q18)+1,99),"")))=((AW18)-(AX18)))+2*((IFERROR(--LEFT(Q18,FIND("-",Q18)-1),""))=(AW18))+2*((IFERROR(--MID(Q18,FIND("-",Q18)+1,99),""))=(AX18))),"")) -> 0 | S18: 2-1 | T18: =IF(OR($C18="",S18=""),"",IFERROR(IF(AND(IFERROR(--LEFT(S18,FIND("-",S18)-1),"")=AW18,IFERROR(--MID(S18,FIND("-",S18)+1,99),"")=AX18),10,5*(SIGN((IFERROR(--LEFT(S18,FIND("-",S18)-1),""))-(IFERROR(--MID(S18,FIND("-",S18)+1,99),"")))=SIGN((AW18)-(AX18)))+2*(((IFERROR(--LEFT(S18,FIND("-",S18)-1),""))-(IFERROR(--MID(S18,FIND("-",S18)+1,99),"")))=((AW18)-(AX18)))+2*((IFERROR(--LEFT(S18,FIND("-",S18)-1),""))=(AW18))+2*((IFERROR(--MID(S18,FIND("-",S18)+1,99),""))=(AX18))),"")) -> 7 | U18: 1-2 | V18: =IF(OR($C18="",U18=""),"",IFERROR(IF(AND(IFERROR(--LEFT(U18,FIND("-",U18)-1),"")=AW18,IFERROR(--MID(U18,FIND("-",U18)+1,99),"")=AX18),10,5*(SIGN((IFERROR(--LEFT(U18,FIND("-",U18)-1),""))-(IFERROR(--MID(U18,FIND("-",U18)+1,99),"")))=SIGN((AW18)-(AX18)))+2*(((IFERROR(--LEFT(U18,FIND("-",U18)-1),""))-(IFERROR(--MID(U18,FIND("-",U18)+1,99),"")))=((AW18)-(AX18)))+2*((IFERROR(--LEFT(U18,FIND("-",U18)-1),""))=(AW18))+2*((IFERROR(--MID(U18,FIND("-",U18)+1,99),""))=(AX18))),"")) -> 0 | W18: 1-1 | X18: =IF(OR($C18="",W18=""),"",IFERROR(IF(AND(IFERROR(--LEFT(W18,FIND("-",W18)-1),"")=AW18,IFERROR(--MID(W18,FIND("-",W18)+1,99),"")=AX18),10,5*(SIGN((IFERROR(--LEFT(W18,FIND("-",W18)-1),""))-(IFERROR(--MID(W18,FIND("-",W18)+1,99),"")))=SIGN((AW18)-(AX18)))+2*(((IFERROR(--LEFT(W18,FIND("-",W18)-1),""))-(IFERROR(--MID(W18,FIND("-",W18)+1,99),"")))=((AW18)-(AX18)))+2*((IFERROR(--LEFT(W18,FIND("-",W18)-1),""))=(AW18))+2*((IFERROR(--MID(W18,FIND("-",W18)+1,99),""))=(AX18))),"")) -> 0 | Y18: 0-2 | Z18: =IF(OR($C18="",Y18=""),"",IFERROR(IF(AND(IFERROR(--LEFT(Y18,FIND("-",Y18)-1),"")=AW18,IFERROR(--MID(Y18,FIND("-",Y18)+1,99),"")=AX18),10,5*(SIGN((IFERROR(--LEFT(Y18,FIND("-",Y18)-1),""))-(IFERROR(--MID(Y18,FIND("-",Y18)+1,99),"")))=SIGN((AW18)-(AX18)))+2*(((IFERROR(--LEFT(Y18,FIND("-",Y18)-1),""))-(IFERROR(--MID(Y18,FIND("-",Y18)+1,99),"")))=((AW18)-(AX18)))+2*((IFERROR(--LEFT(Y18,FIND("-",Y18)-1),""))=(AW18))+2*((IFERROR(--MID(Y18,FIND("-",Y18)+1,99),""))=(AX18))),"")) -> 0 | AA18: 0-2 | AB18: =IF(OR($C18="",AA18=""),"",IFERROR(IF(AND(IFERROR(--LEFT(AA18,FIND("-",AA18)-1),"")=AW18,IFERROR(--MID(AA18,FIND("-",AA18)+1,99),"")=AX18),10,5*(SIGN((IFERROR(--LEFT(AA18,FIND("-",AA18)-1),""))-(IFERROR(--MID(AA18,FIND("-",AA18)+1,99),"")))=SIGN((AW18)-(AX18)))+2*(((IFERROR(--LEFT(AA18,FIND("-",AA18)-1),""))-(IFERROR(--MID(AA18,FIND("-",AA18)+1,99),"")))=((AW18)-(AX18)))+2*((IFERROR(--LEFT(AA18,FIND("-",AA18)-1),""))=(AW18))+2*((IFERROR(--MID(AA18,FIND("-",AA18)+1,99),""))=(AX18))),"")) -> 0 | AC18: 1-1 | AD18: =IF(OR($C18="",AC18=""),"",IFERROR(IF(AND(IFERROR(--LEFT(AC18,FIND("-",AC18)-1),"")=AW18,IFERROR(--MID(AC18,FIND("-",AC18)+1,99),"")=AX18),10,5*(SIGN((IFERROR(--LEFT(AC18,FIND("-",AC18)-1),""))-(IFERROR(--MID(AC18,FIND("-",AC18)+1,99),"")))=SIGN((AW18)-(AX18)))+2*(((IFERROR(--LEFT(AC18,FIND("-",AC18)-1),""))-(IFERROR(--MID(AC18,FIND("-",AC18)+1,99),"")))=((AW18)-(AX18)))+2*((IFERROR(--LEFT(AC18,FIND("-",AC18)-1),""))=(AW18))+2*((IFERROR(--MID(AC18,FIND("-",AC18)+1,99),""))=(AX18))),"")) -> 0 | AE18: 1-1 | AF18: =IF(OR($C18="",AE18=""),"",IFERROR(IF(AND(IFERROR(--LEFT(AE18,FIND("-",AE18)-1),"")=AW18,IFERROR(--MID(AE18,FIND("-",AE18)+1,99),"")=AX18),10,5*(SIGN((IFERROR(--LEFT(AE18,FIND("-",AE18)-1),""))-(IFERROR(--MID(AE18,FIND("-",AE18)+1,99),"")))=SIGN((AW18)-(AX18)))+2*(((IFERROR(--LEFT(AE18,FIND("-",AE18)-1),""))-(IFERROR(--MID(AE18,FIND("-",AE18)+1,99),"")))=((AW18)-(AX18)))+2*((IFERROR(--LEFT(AE18,FIND("-",AE18)-1),""))=(AW18))+2*((IFERROR(--MID(AE18,FIND("-",AE18)+1,99),""))=(AX18))),"")) -> 0 | AG18: 1-1 | AH18: =IF(OR($C18="",AG18=""),"",IFERROR(IF(AND(IFERROR(--LEFT(AG18,FIND("-",AG18)-1),"")=AW18,IFERROR(--MID(AG18,FIND("-",AG18)+1,99),"")=AX18),10,5*(SIGN((IFERROR(--LEFT(AG18,FIND("-",AG18)-1),""))-(IFERROR(--MID(AG18,FIND("-",AG18)+1,99),"")))=SIGN((AW18)-(AX18)))+2*(((IFERROR(--LEFT(AG18,FIND("-",AG18)-1),""))-(IFERROR(--MID(AG18,FIND("-",AG18)+1,99),"")))=((AW18)-(AX18)))+2*((IFERROR(--LEFT(AG18,FIND("-",AG18)-1),""))=(AW18))+2*((IFERROR(--MID(AG18,FIND("-",AG18)+1,99),""))=(AX18))),"")) -> 0 | AI18: 1-2 | AJ18: =IF(OR($C18="",AI18=""),"",IFERROR(IF(AND(IFERROR(--LEFT(AI18,FIND("-",AI18)-1),"")=AW18,IFERROR(--MID(AI18,FIND("-",AI18)+1,99),"")=AX18),10,5*(SIGN((IFERROR(--LEFT(AI18,FIND("-",AI18)-1),""))-(IFERROR(--MID(AI18,FIND("-",AI18)+1,99),"")))=SIGN((AW18)-(AX18)))+2*(((IFERROR(--LEFT(AI18,FIND("-",AI18)-1),""))-(IFERROR(--MID(AI18,FIND("-",AI18)+1,99),"")))=((AW18)-(AX18)))+2*((IFERROR(--LEFT(AI18,FIND("-",AI18)-1),""))=(AW18))+2*((IFERROR(--MID(AI18,FIND("-",AI18)+1,99),""))=(AX18))),"")) -> 0 | AK18: 1-2 | AL18: =IF(OR($C18="",AK18=""),"",IFERROR(IF(AND(IFERROR(--LEFT(AK18,FIND("-",AK18)-1),"")=AW18,IFERROR(--MID(AK18,FIND("-",AK18)+1,99),"")=AX18),10,5*(SIGN((IFERROR(--LEFT(AK18,FIND("-",AK18)-1),""))-(IFERROR(--MID(AK18,FIND("-",AK18)+1,99),"")))=SIGN((AW18)-(AX18)))+2*(((IFERROR(--LEFT(AK18,FIND("-",AK18)-1),""))-(IFERROR(--MID(AK18,FIND("-",AK18)+1,99),"")))=((AW18)-(AX18)))+2*((IFERROR(--LEFT(AK18,FIND("-",AK18)-1),""))=(AW18))+2*((IFERROR(--MID(AK18,FIND("-",AK18)+1,99),""))=(AX18))),"")) -> 0 | AM18: 1-1 | AN18: =IF(OR($C18="",AM18=""),"",IFERROR(IF(AND(IFERROR(--LEFT(AM18,FIND("-",AM18)-1),"")=AW18,IFERROR(--MID(AM18,FIND("-",AM18)+1,99),"")=AX18),10,5*(SIGN((IFERROR(--LEFT(AM18,FIND("-",AM18)-1),""))-(IFERROR(--MID(AM18,FIND("-",AM18)+1,99),"")))=SIGN((AW18)-(AX18)))+2*(((IFERROR(--LEFT(AM18,FIND("-",AM18)-1),""))-(IFERROR(--MID(AM18,FIND("-",AM18)+1,99),"")))=((AW18)-(AX18)))+2*((IFERROR(--LEFT(AM18,FIND("-",AM18)-1),""))=(AW18))+2*((IFERROR(--MID(AM18,FIND("-",AM18)+1,99),""))=(AX18))),"")) -> 0 | AO18: 0-2 | AP18: =IF(OR($C18="",AO18=""),"",IFERROR(IF(AND(IFERROR(--LEFT(AO18,FIND("-",AO18)-1),"")=AW18,IFERROR(--MID(AO18,FIND("-",AO18)+1,99),"")=AX18),10,5*(SIGN((IFERROR(--LEFT(AO18,FIND("-",AO18)-1),""))-(IFERROR(--MID(AO18,FIND("-",AO18)+1,99),"")))=SIGN((AW18)-(AX18)))+2*(((IFERROR(--LEFT(AO18,FIND("-",AO18)-1),""))-(IFERROR(--MID(AO18,FIND("-",AO18)+1,99),"")))=((AW18)-(AX18)))+2*((IFERROR(--LEFT(AO18,FIND("-",AO18)-1),""))=(AW18))+2*((IFERROR(--MID(AO18,FIND("-",AO18)+1,99),""))=(AX18))),"")) -> 0 | AQ18: 1-2 | AR18: =IF(OR($C18="",AQ18=""),"",IFERROR(IF(AND(IFERROR(--LEFT(AQ18,FIND("-",AQ18)-1),"")=AW18,IFERROR(--MID(AQ18,FIND("-",AQ18)+1,99),"")=AX18),10,5*(SIGN((IFERROR(--LEFT(AQ18,FIND("-",AQ18)-1),""))-(IFERROR(--MID(AQ18,FIND("-",AQ18)+1,99),"")))=SIGN((AW18)-(AX18)))+2*(((IFERROR(--LEFT(AQ18,FIND("-",AQ18)-1),""))-(IFERROR(--MID(AQ18,FIND("-",AQ18)+1,99),"")))=((AW18)-(AX18)))+2*((IFERROR(--LEFT(AQ18,FIND("-",AQ18)-1),""))=(AW18))+2*((IFERROR(--MID(AQ18,FIND("-",AQ18)+1,99),""))=(AX18))),"")) -> 0 | AS18: 0-0 | AT18: =IF(OR($C18="",AS18=""),"",IFERROR(IF(AND(IFERROR(--LEFT(AS18,FIND("-",AS18)-1),"")=AW18,IFERROR(--MID(AS18,FIND("-",AS18)+1,99),"")=AX18),10,5*(SIGN((IFERROR(--LEFT(AS18,FIND("-",AS18)-1),""))-(IFERROR(--MID(AS18,FIND("-",AS18)+1,99),"")))=SIGN((AW18)-(AX18)))+2*(((IFERROR(--LEFT(AS18,FIND("-",AS18)-1),""))-(IFERROR(--MID(AS18,FIND("-",AS18)+1,99),"")))=((AW18)-(AX18)))+2*((IFERROR(--LEFT(AS18,FIND("-",AS18)-1),""))=(AW18))+2*((IFERROR(--MID(AS18,FIND("-",AS18)+1,99),""))=(AX18))),"")) -> 2 | AU18: 0-3 | AV18: =IF(OR($C18="",AU18=""),"",IFERROR(IF(AND(IFERROR(--LEFT(AU18,FIND("-",AU18)-1),"")=AW18,IFERROR(--MID(AU18,FIND("-",AU18)+1,99),"")=AX18),10,5*(SIGN((IFERROR(--LEFT(AU18,FIND("-",AU18)-1),""))-(IFERROR(--MID(AU18,FIND("-",AU18)+1,99),"")))=SIGN((AW18)-(AX18)))+2*(((IFERROR(--LEFT(AU18,FIND("-",AU18)-1),""))-(IFERROR(--MID(AU18,FIND("-",AU18)+1,99),"")))=((AW18)-(AX18)))+2*((IFERROR(--LEFT(AU18,FIND("-",AU18)-1),""))=(AW18))+2*((IFERROR(--MID(AU18,FIND("-",AU18)+1,99),""))=(AX18))),"")) -> 0 | AW18: =IF($C18="","",IFERROR(--LEFT($C18,FIND("-",$C18)-1),"")) -> 2 | AX18: =IF($C18="","",IFERROR(--MID($C18,FIND("-",$C18)+1,99),"")) -> 0
A19: 1.7916667 | B19: Duitsland | C19: 7-1 | D19: Curaçao | E19: 4-0 | F19: =IF(OR($C19="",E19=""),"",IFERROR(IF(AND(IFERROR(--LEFT(E19,FIND("-",E19)-1),"")=AW19,IFERROR(--MID(E19,FIND("-",E19)+1,99),"")=AX19),10,5*(SIGN((IFERROR(--LEFT(E19,FIND("-",E19)-1),""))-(IFERROR(--MID(E19,FIND("-",E19)+1,99),"")))=SIGN((AW19)-(AX19)))+2*(((IFERROR(--LEFT(E19,FIND("-",E19)-1),""))-(IFERROR(--MID(E19,FIND("-",E19)+1,99),"")))=((AW19)-(AX19)))+2*((IFERROR(--LEFT(E19,FIND("-",E19)-1),""))=(AW19))+2*((IFERROR(--MID(E19,FIND("-",E19)+1,99),""))=(AX19))),"")) -> 5 | G19: 4-0 | H19: =IF(OR($C19="",G19=""),"",IFERROR(IF(AND(IFERROR(--LEFT(G19,FIND("-",G19)-1),"")=AW19,IFERROR(--MID(G19,FIND("-",G19)+1,99),"")=AX19),10,5*(SIGN((IFERROR(--LEFT(G19,FIND("-",G19)-1),""))-(IFERROR(--MID(G19,FIND("-",G19)+1,99),"")))=SIGN((AW19)-(AX19)))+2*(((IFERROR(--LEFT(G19,FIND("-",G19)-1),""))-(IFERROR(--MID(G19,FIND("-",G19)+1,99),"")))=((AW19)-(AX19)))+2*((IFERROR(--LEFT(G19,FIND("-",G19)-1),""))=(AW19))+2*((IFERROR(--MID(G19,FIND("-",G19)+1,99),""))=(AX19))),"")) -> 5 | I19: 3-0 | J19: =IF(OR($C19="",I19=""),"",IFERROR(IF(AND(IFERROR(--LEFT(I19,FIND("-",I19)-1),"")=AW19,IFERROR(--MID(I19,FIND("-",I19)+1,99),"")=AX19),10,5*(SIGN((IFERROR(--LEFT(I19,FIND("-",I19)-1),""))-(IFERROR(--MID(I19,FIND("-",I19)+1,99),"")))=SIGN((AW19)-(AX19)))+2*(((IFERROR(--LEFT(I19,FIND("-",I19)-1),""))-(IFERROR(--MID(I19,FIND("-",I19)+1,99),"")))=((AW19)-(AX19)))+2*((IFERROR(--LEFT(I19,FIND("-",I19)-1),""))=(AW19))+2*((IFERROR(--MID(I19,FIND("-",I19)+1,99),""))=(AX19))),"")) -> 5 | K19: 5-0 | L19: =IF(OR($C19="",K19=""),"",IFERROR(IF(AND(IFERROR(--LEFT(K19,FIND("-",K19)-1),"")=AW19,IFERROR(--MID(K19,FIND("-",K19)+1,99),"")=AX19),10,5*(SIGN((IFERROR(--LEFT(K19,FIND("-",K19)-1),""))-(IFERROR(--MID(K19,FIND("-",K19)+1,99),"")))=SIGN((AW19)-(AX19)))+2*(((IFERROR(--LEFT(K19,FIND("-",K19)-1),""))-(IFERROR(--MID(K19,FIND("-",K19)+1,99),"")))=((AW19)-(AX19)))+2*((IFERROR(--LEFT(K19,FIND("-",K19)-1),""))=(AW19))+2*((IFERROR(--MID(K19,FIND("-",K19)+1,99),""))=(AX19))),"")) -> 5 | M19: 4-2 | N19: =IF(OR($C19="",M19=""),"",IFERROR(IF(AND(IFERROR(--LEFT(M19,FIND("-",M19)-1),"")=AW19,IFERROR(--MID(M19,FIND("-",M19)+1,99),"")=AX19),10,5*(SIGN((IFERROR(--LEFT(M19,FIND("-",M19)-1),""))-(IFERROR(--MID(M19,FIND("-",M19)+1,99),"")))=SIGN((AW19)-(AX19)))+2*(((IFERROR(--LEFT(M19,FIND("-",M19)-1),""))-(IFERROR(--MID(M19,FIND("-",M19)+1,99),"")))=((AW19)-(AX19)))+2*((IFERROR(--LEFT(M19,FIND("-",M19)-1),""))=(AW19))+2*((IFERROR(--MID(M19,FIND("-",M19)+1,99),""))=(AX19))),"")) -> 5 | O19: 4-0 | P19: =IF(OR($C19="",O19=""),"",IFERROR(IF(AND(IFERROR(--LEFT(O19,FIND("-",O19)-1),"")=AW19,IFERROR(--MID(O19,FIND("-",O19)+1,99),"")=AX19),10,5*(SIGN((IFERROR(--LEFT(O19,FIND("-",O19)-1),""))-(IFERROR(--MID(O19,FIND("-",O19)+1,99),"")))=SIGN((AW19)-(AX19)))+2*(((IFERROR(--LEFT(O19,FIND("-",O19)-1),""))-(IFERROR(--MID(O19,FIND("-",O19)+1,99),"")))=((AW19)-(AX19)))+2*((IFERROR(--LEFT(O19,FIND("-",O19)-1),""))=(AW19))+2*((IFERROR(--MID(O19,FIND("-",O19)+1,99),""))=(AX19))),"")) -> 5 | Q19: 3-0 | R19: =IF(OR($C19="",Q19=""),"",IFERROR(IF(AND(IFERROR(--LEFT(Q19,FIND("-",Q19)-1),"")=AW19,IFERROR(--MID(Q19,FIND("-",Q19)+1,99),"")=AX19),10,5*(SIGN((IFERROR(--LEFT(Q19,FIND("-",Q19)-1),""))-(IFERROR(--MID(Q19,FIND("-",Q19)+1,99),"")))=SIGN((AW19)-(AX19)))+2*(((IFERROR(--LEFT(Q19,FIND("-",Q19)-1),""))-(IFERROR(--MID(Q19,FIND("-",Q19)+1,99),"")))=((AW19)-(AX19)))+2*((IFERROR(--LEFT(Q19,FIND("-",Q19)-1),""))=(AW19))+2*((IFERROR(--MID(Q19,FIND("-",Q19)+1,99),""))=(AX19))),"")) -> 5 | S19: 4-1 | T19: =IF(OR($C19="",S19=""),"",IFERROR(IF(AND(IFERROR(--LEFT(S19,FIND("-",S19)-1),"")=AW19,IFERROR(--MID(S19,FIND("-",S19)+1,99),"")=AX19),10,5*(SIGN((IFERROR(--LEFT(S19,FIND("-",S19)-1),""))-(IFERROR(--MID(S19,FIND("-",S19)+1,99),"")))=SIGN((AW19)-(AX19)))+2*(((IFERROR(--LEFT(S19,FIND("-",S19)-1),""))-(IFERROR(--MID(S19,FIND("-",S19)+1,99),"")))=((AW19)-(AX19)))+2*((IFERROR(--LEFT(S19,FIND("-",S19)-1),""))=(AW19))+2*((IFERROR(--MID(S19,FIND("-",S19)+1,99),""))=(AX19))),"")) -> 7 | U19: 3-0 | V19: =IF(OR($C19="",U19=""),"",IFERROR(IF(AND(IFERROR(--LEFT(U19,FIND("-",U19)-1),"")=AW19,IFERROR(--MID(U19,FIND("-",U19)+1,99),"")=AX19),10,5*(SIGN((IFERROR(--LEFT(U19,FIND("-",U19)-1),""))-(IFERROR(--MID(U19,FIND("-",U19)+1,99),"")))=SIGN((AW19)-(AX19)))+2*(((IFERROR(--LEFT(U19,FIND("-",U19)-1),""))-(IFERROR(--MID(U19,FIND("-",U19)+1,99),"")))=((AW19)-(AX19)))+2*((IFERROR(--LEFT(U19,FIND("-",U19)-1),""))=(AW19))+2*((IFERROR(--MID(U19,FIND("-",U19)+1,99),""))=(AX19))),"")) -> 5 | W19: 3-0 | X19: =IF(OR($C19="",W19=""),"",IFERROR(IF(AND(IFERROR(--LEFT(W19,FIND("-",W19)-1),"")=AW19,IFERROR(--MID(W19,FIND("-",W19)+1,99),"")=AX19),10,5*(SIGN((IFERROR(--LEFT(W19,FIND("-",W19)-1),""))-(IFERROR(--MID(W19,FIND("-",W19)+1,99),"")))=SIGN((AW19)-(AX19)))+2*(((IFERROR(--LEFT(W19,FIND("-",W19)-1),""))-(IFERROR(--MID(W19,FIND("-",W19)+1,99),"")))=((AW19)-(AX19)))+2*((IFERROR(--LEFT(W19,FIND("-",W19)-1),""))=(AW19))+2*((IFERROR(--MID(W19,FIND("-",W19)+1,99),""))=(AX19))),"")) -> 5 | Y19: 2-0 | Z19: =IF(OR($C19="",Y19=""),"",IFERROR(IF(AND(IFERROR(--LEFT(Y19,FIND("-",Y19)-1),"")=AW19,IFERROR(--MID(Y19,FIND("-",Y19)+1,99),"")=AX19),10,5*(SIGN((IFERROR(--LEFT(Y19,FIND("-",Y19)-1),""))-(IFERROR(--MID(Y19,FIND("-",Y19)+1,99),"")))=SIGN((AW19)-(AX19)))+2*(((IFERROR(--LEFT(Y19,FIND("-",Y19)-1),""))-(IFERROR(--MID(Y19,FIND("-",Y19)+1,99),"")))=((AW19)-(AX19)))+2*((IFERROR(--LEFT(Y19,FIND("-",Y19)-1),""))=(AW19))+2*((IFERROR(--MID(Y19,FIND("-",Y19)+1,99),""))=(AX19))),"")) -> 5 | AA19: 4-0 | AB19: =IF(OR($C19="",AA19=""),"",IFERROR(IF(AND(IFERROR(--LEFT(AA19,FIND("-",AA19)-1),"")=AW19,IFERROR(--MID(AA19,FIND("-",AA19)+1,99),"")=AX19),10,5*(SIGN((IFERROR(--LEFT(AA19,FIND("-",AA19)-1),""))-(IFERROR(--MID(AA19,FIND("-",AA19)+1,99),"")))=SIGN((AW19)-(AX19)))+2*(((IFERROR(--LEFT(AA19,FIND("-",AA19)-1),""))-(IFERROR(--MID(AA19,FIND("-",AA19)+1,99),"")))=((AW19)-(AX19)))+2*((IFERROR(--LEFT(AA19,FIND("-",AA19)-1),""))=(AW19))+2*((IFERROR(--MID(AA19,FIND("-",AA19)+1,99),""))=(AX19))),"")) -> 5 | AC19: 3-1 | AD19: =IF(OR($C19="",AC19=""),"",IFERROR(IF(AND(IFERROR(--LEFT(AC19,FIND("-",AC19)-1),"")=AW19,IFERROR(--MID(AC19,FIND("-",AC19)+1,99),"")=AX19),10,5*(SIGN((IFERROR(--LEFT(AC19,FIND("-",AC19)-1),""))-(IFERROR(--MID(AC19,FIND("-",AC19)+1,99),"")))=SIGN((AW19)-(AX19)))+2*(((IFERROR(--LEFT(AC19,FIND("-",AC19)-1),""))-(IFERROR(--MID(AC19,FIND("-",AC19)+1,99),"")))=((AW19)-(AX19)))+2*((IFERROR(--LEFT(AC19,FIND("-",AC19)-1),""))=(AW19))+2*((IFERROR(--MID(AC19,FIND("-",AC19)+1,99),""))=(AX19))),"")) -> 7 | AE19: 4-0 | AF19: =IF(OR($C19="",AE19=""),"",IFERROR(IF(AND(IFERROR(--LEFT(AE19,FIND("-",AE19)-1),"")=AW19,IFERROR(--MID(AE19,FIND("-",AE19)+1,99),"")=AX19),10,5*(SIGN((IFERROR(--LEFT(AE19,FIND("-",AE19)-1),""))-(IFERROR(--MID(AE19,FIND("-",AE19)+1,99),"")))=SIGN((AW19)-(AX19)))+2*(((IFERROR(--LEFT(AE19,FIND("-",AE19)-1),""))-(IFERROR(--MID(AE19,FIND("-",AE19)+1,99),"")))=((AW19)-(AX19)))+2*((IFERROR(--LEFT(AE19,FIND("-",AE19)-1),""))=(AW19))+2*((IFERROR(--MID(AE19,FIND("-",AE19)+1,99),""))=(AX19))),"")) -> 5 | AG19: 2-0 | AH19: =IF(OR($C19="",AG19=""),"",IFERROR(IF(AND(IFERROR(--LEFT(AG19,FIND("-",AG19)-1),"")=AW19,IFERROR(--MID(AG19,FIND("-",AG19)+1,99),"")=AX19),10,5*(SIGN((IFERROR(--LEFT(AG19,FIND("-",AG19)-1),""))-(IFERROR(--MID(AG19,FIND("-",AG19)+1,99),"")))=SIGN((AW19)-(AX19)))+2*(((IFERROR(--LEFT(AG19,FIND("-",AG19)-1),""))-(IFERROR(--MID(AG19,FIND("-",AG19)+1,99),"")))=((AW19)-(AX19)))+2*((IFERROR(--LEFT(AG19,FIND("-",AG19)-1),""))=(AW19))+2*((IFERROR(--MID(AG19,FIND("-",AG19)+1,99),""))=(AX19))),"")) -> 5 | AI19: 5-0 | AJ19: =IF(OR($C19="",AI19=""),"",IFERROR(IF(AND(IFERROR(--LEFT(AI19,FIND("-",AI19)-1),"")=AW19,IFERROR(--MID(AI19,FIND("-",AI19)+1,99),"")=AX19),10,5*(SIGN((IFERROR(--LEFT(AI19,FIND("-",AI19)-1),""))-(IFERROR(--MID(AI19,FIND("-",AI19)+1,99),"")))=SIGN((AW19)-(AX19)))+2*(((IFERROR(--LEFT(AI19,FIND("-",AI19)-1),""))-(IFERROR(--MID(AI19,FIND("-",AI19)+1,99),"")))=((AW19)-(AX19)))+2*((IFERROR(--LEFT(AI19,FIND("-",AI19)-1),""))=(AW19))+2*((IFERROR(--MID(AI19,FIND("-",AI19)+1,99),""))=(AX19))),"")) -> 5 | AK19: 3-0 | AL19: =IF(OR($C19="",AK19=""),"",IFERROR(IF(AND(IFERROR(--LEFT(AK19,FIND("-",AK19)-1),"")=AW19,IFERROR(--MID(AK19,FIND("-",AK19)+1,99),"")=AX19),10,5*(SIGN((IFERROR(--LEFT(AK19,FIND("-",AK19)-1),""))-(IFERROR(--MID(AK19,FIND("-",AK19)+1,99),"")))=SIGN((AW19)-(AX19)))+2*(((IFERROR(--LEFT(AK19,FIND("-",AK19)-1),""))-(IFERROR(--MID(AK19,FIND("-",AK19)+1,99),"")))=((AW19)-(AX19)))+2*((IFERROR(--LEFT(AK19,FIND("-",AK19)-1),""))=(AW19))+2*((IFERROR(--MID(AK19,FIND("-",AK19)+1,99),""))=(AX19))),"")) -> 5 | AM19: 4-0 | AN19: =IF(OR($C19="",AM19=""),"",IFERROR(IF(AND(IFERROR(--LEFT(AM19,FIND("-",AM19)-1),"")=AW19,IFERROR(--MID(AM19,FIND("-",AM19)+1,99),"")=AX19),10,5*(SIGN((IFERROR(--LEFT(AM19,FIND("-",AM19)-1),""))-(IFERROR(--MID(AM19,FIND("-",AM19)+1,99),"")))=SIGN((AW19)-(AX19)))+2*(((IFERROR(--LEFT(AM19,FIND("-",AM19)-1),""))-(IFERROR(--MID(AM19,FIND("-",AM19)+1,99),"")))=((AW19)-(AX19)))+2*((IFERROR(--LEFT(AM19,FIND("-",AM19)-1),""))=(AW19))+2*((IFERROR(--MID(AM19,FIND("-",AM19)+1,99),""))=(AX19))),"")) -> 5 | AO19: 4-0 | AP19: =IF(OR($C19="",AO19=""),"",IFERROR(IF(AND(IFERROR(--LEFT(AO19,FIND("-",AO19)-1),"")=AW19,IFERROR(--MID(AO19,FIND("-",AO19)+1,99),"")=AX19),10,5*(SIGN((IFERROR(--LEFT(AO19,FIND("-",AO19)-1),""))-(IFERROR(--MID(AO19,FIND("-",AO19)+1,99),"")))=SIGN((AW19)-(AX19)))+2*(((IFERROR(--LEFT(AO19,FIND("-",AO19)-1),""))-(IFERROR(--MID(AO19,FIND("-",AO19)+1,99),"")))=((AW19)-(AX19)))+2*((IFERROR(--LEFT(AO19,FIND("-",AO19)-1),""))=(AW19))+2*((IFERROR(--MID(AO19,FIND("-",AO19)+1,99),""))=(AX19))),"")) -> 5 | AQ19: 3-1 | AR19: =IF(OR($C19="",AQ19=""),"",IFERROR(IF(AND(IFERROR(--LEFT(AQ19,FIND("-",AQ19)-1),"")=AW19,IFERROR(--MID(AQ19,FIND("-",AQ19)+1,99),"")=AX19),10,5*(SIGN((IFERROR(--LEFT(AQ19,FIND("-",AQ19)-1),""))-(IFERROR(--MID(AQ19,FIND("-",AQ19)+1,99),"")))=SIGN((AW19)-(AX19)))+2*(((IFERROR(--LEFT(AQ19,FIND("-",AQ19)-1),""))-(IFERROR(--MID(AQ19,FIND("-",AQ19)+1,99),"")))=((AW19)-(AX19)))+2*((IFERROR(--LEFT(AQ19,FIND("-",AQ19)-1),""))=(AW19))+2*((IFERROR(--MID(AQ19,FIND("-",AQ19)+1,99),""))=(AX19))),"")) -> 7 | AS19: 4-1 | AT19: =IF(OR($C19="",AS19=""),"",IFERROR(IF(AND(IFERROR(--LEFT(AS19,FIND("-",AS19)-1),"")=AW19,IFERROR(--MID(AS19,FIND("-",AS19)+1,99),"")=AX19),10,5*(SIGN((IFERROR(--LEFT(AS19,FIND("-",AS19)-1),""))-(IFERROR(--MID(AS19,FIND("-",AS19)+1,99),"")))=SIGN((AW19)-(AX19)))+2*(((IFERROR(--LEFT(AS19,FIND("-",AS19)-1),""))-(IFERROR(--MID(AS19,FIND("-",AS19)+1,99),"")))=((AW19)-(AX19)))+2*((IFERROR(--LEFT(AS19,FIND("-",AS19)-1),""))=(AW19))+2*((IFERROR(--MID(AS19,FIND("-",AS19)+1,99),""))=(AX19))),"")) -> 7 | AU19: 6-0 | AV19: =IF(OR($C19="",AU19=""),"",IFERROR(IF(AND(IFERROR(--LEFT(AU19,FIND("-",AU19)-1),"")=AW19,IFERROR(--MID(AU19,FIND("-",AU19)+1,99),"")=AX19),10,5*(SIGN((IFERROR(--LEFT(AU19,FIND("-",AU19)-1),""))-(IFERROR(--MID(AU19,FIND("-",AU19)+1,99),"")))=SIGN((AW19)-(AX19)))+2*(((IFERROR(--LEFT(AU19,FIND("-",AU19)-1),""))-(IFERROR(--MID(AU19,FIND("-",AU19)+1,99),"")))=((AW19)-(AX19)))+2*((IFERROR(--LEFT(AU19,FIND("-",AU19)-1),""))=(AW19))+2*((IFERROR(--MID(AU19,FIND("-",AU19)+1,99),""))=(AX19))),"")) -> 7 | AW19: =IF($C19="","",IFERROR(--LEFT($C19,FIND("-",$C19)-1),"")) -> 7 | AX19: =IF($C19="","",IFERROR(--MID($C19,FIND("-",$C19)+1,99),"")) -> 1
A20: 1.9166667 | B20: Nederland | C20: 2-2 | D20: Japan | E20: 1-1 | F20: =IF(OR($C20="",E20=""),"",IFERROR(IF(AND(IFERROR(--LEFT(E20,FIND("-",E20)-1),"")=AW20,IFERROR(--MID(E20,FIND("-",E20)+1,99),"")=AX20),10,5*(SIGN((IFERROR(--LEFT(E20,FIND("-",E20)-1),""))-(IFERROR(--MID(E20,FIND("-",E20)+1,99),"")))=SIGN((AW20)-(AX20)))+2*(((IFERROR(--LEFT(E20,FIND("-",E20)-1),""))-(IFERROR(--MID(E20,FIND("-",E20)+1,99),"")))=((AW20)-(AX20)))+2*((IFERROR(--LEFT(E20,FIND("-",E20)-1),""))=(AW20))+2*((IFERROR(--MID(E20,FIND("-",E20)+1,99),""))=(AX20))),"")) -> 7 | G20: 2-1 | H20: =IF(OR($C20="",G20=""),"",IFERROR(IF(AND(IFERROR(--LEFT(G20,FIND("-",G20)-1),"")=AW20,IFERROR(--MID(G20,FIND("-",G20)+1,99),"")=AX20),10,5*(SIGN((IFERROR(--LEFT(G20,FIND("-",G20)-1),""))-(IFERROR(--MID(G20,FIND("-",G20)+1,99),"")))=SIGN((AW20)-(AX20)))+2*(((IFERROR(--LEFT(G20,FIND("-",G20)-1),""))-(IFERROR(--MID(G20,FIND("-",G20)+1,99),"")))=((AW20)-(AX20)))+2*((IFERROR(--LEFT(G20,FIND("-",G20)-1),""))=(AW20))+2*((IFERROR(--MID(G20,FIND("-",G20)+1,99),""))=(AX20))),"")) -> 2 | I20: 2-1 | J20: =IF(OR($C20="",I20=""),"",IFERROR(IF(AND(IFERROR(--LEFT(I20,FIND("-",I20)-1),"")=AW20,IFERROR(--MID(I20,FIND("-",I20)+1,99),"")=AX20),10,5*(SIGN((IFERROR(--LEFT(I20,FIND("-",I20)-1),""))-(IFERROR(--MID(I20,FIND("-",I20)+1,99),"")))=SIGN((AW20)-(AX20)))+2*(((IFERROR(--LEFT(I20,FIND("-",I20)-1),""))-(IFERROR(--MID(I20,FIND("-",I20)+1,99),"")))=((AW20)-(AX20)))+2*((IFERROR(--LEFT(I20,FIND("-",I20)-1),""))=(AW20))+2*((IFERROR(--MID(I20,FIND("-",I20)+1,99),""))=(AX20))),"")) -> 2 | K20: 3-0 | L20: =IF(OR($C20="",K20=""),"",IFERROR(IF(AND(IFERROR(--LEFT(K20,FIND("-",K20)-1),"")=AW20,IFERROR(--MID(K20,FIND("-",K20)+1,99),"")=AX20),10,5*(SIGN((IFERROR(--LEFT(K20,FIND("-",K20)-1),""))-(IFERROR(--MID(K20,FIND("-",K20)+1,99),"")))=SIGN((AW20)-(AX20)))+2*(((IFERROR(--LEFT(K20,FIND("-",K20)-1),""))-(IFERROR(--MID(K20,FIND("-",K20)+1,99),"")))=((AW20)-(AX20)))+2*((IFERROR(--LEFT(K20,FIND("-",K20)-1),""))=(AW20))+2*((IFERROR(--MID(K20,FIND("-",K20)+1,99),""))=(AX20))),"")) -> 0 | M20: 2-3 | N20: =IF(OR($C20="",M20=""),"",IFERROR(IF(AND(IFERROR(--LEFT(M20,FIND("-",M20)-1),"")=AW20,IFERROR(--MID(M20,FIND("-",M20)+1,99),"")=AX20),10,5*(SIGN((IFERROR(--LEFT(M20,FIND("-",M20)-1),""))-(IFERROR(--MID(M20,FIND("-",M20)+1,99),"")))=SIGN((AW20)-(AX20)))+2*(((IFERROR(--LEFT(M20,FIND("-",M20)-1),""))-(IFERROR(--MID(M20,FIND("-",M20)+1,99),"")))=((AW20)-(AX20)))+2*((IFERROR(--LEFT(M20,FIND("-",M20)-1),""))=(AW20))+2*((IFERROR(--MID(M20,FIND("-",M20)+1,99),""))=(AX20))),"")) -> 2 | O20: 2-1 | P20: =IF(OR($C20="",O20=""),"",IFERROR(IF(AND(IFERROR(--LEFT(O20,FIND("-",O20)-1),"")=AW20,IFERROR(--MID(O20,FIND("-",O20)+1,99),"")=AX20),10,5*(SIGN((IFERROR(--LEFT(O20,FIND("-",O20)-1),""))-(IFERROR(--MID(O20,FIND("-",O20)+1,99),"")))=SIGN((AW20)-(AX20)))+2*(((IFERROR(--LEFT(O20,FIND("-",O20)-1),""))-(IFERROR(--MID(O20,FIND("-",O20)+1,99),"")))=((AW20)-(AX20)))+2*((IFERROR(--LEFT(O20,FIND("-",O20)-1),""))=(AW20))+2*((IFERROR(--MID(O20,FIND("-",O20)+1,99),""))=(AX20))),"")) -> 2 | Q20: 3-2 | R20: =IF(OR($C20="",Q20=""),"",IFERROR(IF(AND(IFERROR(--LEFT(Q20,FIND("-",Q20)-1),"")=AW20,IFERROR(--MID(Q20,FIND("-",Q20)+1,99),"")=AX20),10,5*(SIGN((IFERROR(--LEFT(Q20,FIND("-",Q20)-1),""))-(IFERROR(--MID(Q20,FIND("-",Q20)+1,99),"")))=SIGN((AW20)-(AX20)))+2*(((IFERROR(--LEFT(Q20,FIND("-",Q20)-1),""))-(IFERROR(--MID(Q20,FIND("-",Q20)+1,99),"")))=((AW20)-(AX20)))+2*((IFERROR(--LEFT(Q20,FIND("-",Q20)-1),""))=(AW20))+2*((IFERROR(--MID(Q20,FIND("-",Q20)+1,99),""))=(AX20))),"")) -> 2 | S20: 4-0 | T20: =IF(OR($C20="",S20=""),"",IFERROR(IF(AND(IFERROR(--LEFT(S20,FIND("-",S20)-1),"")=AW20,IFERROR(--MID(S20,FIND("-",S20)+1,99),"")=AX20),10,5*(SIGN((IFERROR(--LEFT(S20,FIND("-",S20)-1),""))-(IFERROR(--MID(S20,FIND("-",S20)+1,99),"")))=SIGN((AW20)-(AX20)))+2*(((IFERROR(--LEFT(S20,FIND("-",S20)-1),""))-(IFERROR(--MID(S20,FIND("-",S20)+1,99),"")))=((AW20)-(AX20)))+2*((IFERROR(--LEFT(S20,FIND("-",S20)-1),""))=(AW20))+2*((IFERROR(--MID(S20,FIND("-",S20)+1,99),""))=(AX20))),"")) -> 0 | U20: 1-1 | V20: =IF(OR($C20="",U20=""),"",IFERROR(IF(AND(IFERROR(--LEFT(U20,FIND("-",U20)-1),"")=AW20,IFERROR(--MID(U20,FIND("-",U20)+1,99),"")=AX20),10,5*(SIGN((IFERROR(--LEFT(U20,FIND("-",U20)-1),""))-(IFERROR(--MID(U20,FIND("-",U20)+1,99),"")))=SIGN((AW20)-(AX20)))+2*(((IFERROR(--LEFT(U20,FIND("-",U20)-1),""))-(IFERROR(--MID(U20,FIND("-",U20)+1,99),"")))=((AW20)-(AX20)))+2*((IFERROR(--LEFT(U20,FIND("-",U20)-1),""))=(AW20))+2*((IFERROR(--MID(U20,FIND("-",U20)+1,99),""))=(AX20))),"")) -> 7 | W20: 2-1 | X20: =IF(OR($C20="",W20=""),"",IFERROR(IF(AND(IFERROR(--LEFT(W20,FIND("-",W20)-1),"")=AW20,IFERROR(--MID(W20,FIND("-",W20)+1,99),"")=AX20),10,5*(SIGN((IFERROR(--LEFT(W20,FIND("-",W20)-1),""))-(IFERROR(--MID(W20,FIND("-",W20)+1,99),"")))=SIGN((AW20)-(AX20)))+2*(((IFERROR(--LEFT(W20,FIND("-",W20)-1),""))-(IFERROR(--MID(W20,FIND("-",W20)+1,99),"")))=((AW20)-(AX20)))+2*((IFERROR(--LEFT(W20,FIND("-",W20)-1),""))=(AW20))+2*((IFERROR(--MID(W20,FIND("-",W20)+1,99),""))=(AX20))),"")) -> 2 | Y20: 1-1 | Z20: =IF(OR($C20="",Y20=""),"",IFERROR(IF(AND(IFERROR(--LEFT(Y20,FIND("-",Y20)-1),"")=AW20,IFERROR(--MID(Y20,FIND("-",Y20)+1,99),"")=AX20),10,5*(SIGN((IFERROR(--LEFT(Y20,FIND("-",Y20)-1),""))-(IFERROR(--MID(Y20,FIND("-",Y20)+1,99),"")))=SIGN((AW20)-(AX20)))+2*(((IFERROR(--LEFT(Y20,FIND("-",Y20)-1),""))-(IFERROR(--MID(Y20,FIND("-",Y20)+1,99),"")))=((AW20)-(AX20)))+2*((IFERROR(--LEFT(Y20,FIND("-",Y20)-1),""))=(AW20))+2*((IFERROR(--MID(Y20,FIND("-",Y20)+1,99),""))=(AX20))),"")) -> 7 | AA20: 2-2 | AB20: =IF(OR($C20="",AA20=""),"",IFERROR(IF(AND(IFERROR(--LEFT(AA20,FIND("-",AA20)-1),"")=AW20,IFERROR(--MID(AA20,FIND("-",AA20)+1,99),"")=AX20),10,5*(SIGN((IFERROR(--LEFT(AA20,FIND("-",AA20)-1),""))-(IFERROR(--MID(AA20,FIND("-",AA20)+1,99),"")))=SIGN((AW20)-(AX20)))+2*(((IFERROR(--LEFT(AA20,FIND("-",AA20)-1),""))-(IFERROR(--MID(AA20,FIND("-",AA20)+1,99),"")))=((AW20)-(AX20)))+2*((IFERROR(--LEFT(AA20,FIND("-",AA20)-1),""))=(AW20))+2*((IFERROR(--MID(AA20,FIND("-",AA20)+1,99),""))=(AX20))),"")) -> 10 | AC20: 0-2 | AD20: =IF(OR($C20="",AC20=""),"",IFERROR(IF(AND(IFERROR(--LEFT(AC20,FIND("-",AC20)-1),"")=AW20,IFERROR(--MID(AC20,FIND("-",AC20)+1,99),"")=AX20),10,5*(SIGN((IFERROR(--LEFT(AC20,FIND("-",AC20)-1),""))-(IFERROR(--MID(AC20,FIND("-",AC20)+1,99),"")))=SIGN((AW20)-(AX20)))+2*(((IFERROR(--LEFT(AC20,FIND("-",AC20)-1),""))-(IFERROR(--MID(AC20,FIND("-",AC20)+1,99),"")))=((AW20)-(AX20)))+2*((IFERROR(--LEFT(AC20,FIND("-",AC20)-1),""))=(AW20))+2*((IFERROR(--MID(AC20,FIND("-",AC20)+1,99),""))=(AX20))),"")) -> 2 | AE20: 2-0 | AF20: =IF(OR($C20="",AE20=""),"",IFERROR(IF(AND(IFERROR(--LEFT(AE20,FIND("-",AE20)-1),"")=AW20,IFERROR(--MID(AE20,FIND("-",AE20)+1,99),"")=AX20),10,5*(SIGN((IFERROR(--LEFT(AE20,FIND("-",AE20)-1),""))-(IFERROR(--MID(AE20,FIND("-",AE20)+1,99),"")))=SIGN((AW20)-(AX20)))+2*(((IFERROR(--LEFT(AE20,FIND("-",AE20)-1),""))-(IFERROR(--MID(AE20,FIND("-",AE20)+1,99),"")))=((AW20)-(AX20)))+2*((IFERROR(--LEFT(AE20,FIND("-",AE20)-1),""))=(AW20))+2*((IFERROR(--MID(AE20,FIND("-",AE20)+1,99),""))=(AX20))),"")) -> 2 | AG20: 1-0 | AH20: =IF(OR($C20="",AG20=""),"",IFERROR(IF(AND(IFERROR(--LEFT(AG20,FIND("-",AG20)-1),"")=AW20,IFERROR(--MID(AG20,FIND("-",AG20)+1,99),"")=AX20),10,5*(SIGN((IFERROR(--LEFT(AG20,FIND("-",AG20)-1),""))-(IFERROR(--MID(AG20,FIND("-",AG20)+1,99),"")))=SIGN((AW20)-(AX20)))+2*(((IFERROR(--LEFT(AG20,FIND("-",AG20)-1),""))-(IFERROR(--MID(AG20,FIND("-",AG20)+1,99),"")))=((AW20)-(AX20)))+2*((IFERROR(--LEFT(AG20,FIND("-",AG20)-1),""))=(AW20))+2*((IFERROR(--MID(AG20,FIND("-",AG20)+1,99),""))=(AX20))),"")) -> 0 | AI20: 3-1 | AJ20: =IF(OR($C20="",AI20=""),"",IFERROR(IF(AND(IFERROR(--LEFT(AI20,FIND("-",AI20)-1),"")=AW20,IFERROR(--MID(AI20,FIND("-",AI20)+1,99),"")=AX20),10,5*(SIGN((IFERROR(--LEFT(AI20,FIND("-",AI20)-1),""))-(IFERROR(--MID(AI20,FIND("-",AI20)+1,99),"")))=SIGN((AW20)-(AX20)))+2*(((IFERROR(--LEFT(AI20,FIND("-",AI20)-1),""))-(IFERROR(--MID(AI20,FIND("-",AI20)+1,99),"")))=((AW20)-(AX20)))+2*((IFERROR(--LEFT(AI20,FIND("-",AI20)-1),""))=(AW20))+2*((IFERROR(--MID(AI20,FIND("-",AI20)+1,99),""))=(AX20))),"")) -> 0 | AK20: 2-1 | AL20: =IF(OR($C20="",AK20=""),"",IFERROR(IF(AND(IFERROR(--LEFT(AK20,FIND("-",AK20)-1),"")=AW20,IFERROR(--MID(AK20,FIND("-",AK20)+1,99),"")=AX20),10,5*(SIGN((IFERROR(--LEFT(AK20,FIND("-",AK20)-1),""))-(IFERROR(--MID(AK20,FIND("-",AK20)+1,99),"")))=SIGN((AW20)-(AX20)))+2*(((IFERROR(--LEFT(AK20,FIND("-",AK20)-1),""))-(IFERROR(--MID(AK20,FIND("-",AK20)+1,99),"")))=((AW20)-(AX20)))+2*((IFERROR(--LEFT(AK20,FIND("-",AK20)-1),""))=(AW20))+2*((IFERROR(--MID(AK20,FIND("-",AK20)+1,99),""))=(AX20))),"")) -> 2 | AM20: 1-0 | AN20: =IF(OR($C20="",AM20=""),"",IFERROR(IF(AND(IFERROR(--LEFT(AM20,FIND("-",AM20)-1),"")=AW20,IFERROR(--MID(AM20,FIND("-",AM20)+1,99),"")=AX20),10,5*(SIGN((IFERROR(--LEFT(AM20,FIND("-",AM20)-1),""))-(IFERROR(--MID(AM20,FIND("-",AM20)+1,99),"")))=SIGN((AW20)-(AX20)))+2*(((IFERROR(--LEFT(AM20,FIND("-",AM20)-1),""))-(IFERROR(--MID(AM20,FIND("-",AM20)+1,99),"")))=((AW20)-(AX20)))+2*((IFERROR(--LEFT(AM20,FIND("-",AM20)-1),""))=(AW20))+2*((IFERROR(--MID(AM20,FIND("-",AM20)+1,99),""))=(AX20))),"")) -> 0 | AO20: 1-1 | AP20: =IF(OR($C20="",AO20=""),"",IFERROR(IF(AND(IFERROR(--LEFT(AO20,FIND("-",AO20)-1),"")=AW20,IFERROR(--MID(AO20,FIND("-",AO20)+1,99),"")=AX20),10,5*(SIGN((IFERROR(--LEFT(AO20,FIND("-",AO20)-1),""))-(IFERROR(--MID(AO20,FIND("-",AO20)+1,99),"")))=SIGN((AW20)-(AX20)))+2*(((IFERROR(--LEFT(AO20,FIND("-",AO20)-1),""))-(IFERROR(--MID(AO20,FIND("-",AO20)+1,99),"")))=((AW20)-(AX20)))+2*((IFERROR(--LEFT(AO20,FIND("-",AO20)-1),""))=(AW20))+2*((IFERROR(--MID(AO20,FIND("-",AO20)+1,99),""))=(AX20))),"")) -> 7 | AQ20: 1-0 | AR20: =IF(OR($C20="",AQ20=""),"",IFERROR(IF(AND(IFERROR(--LEFT(AQ20,FIND("-",AQ20)-1),"")=AW20,IFERROR(--MID(AQ20,FIND("-",AQ20)+1,99),"")=AX20),10,5*(SIGN((IFERROR(--LEFT(AQ20,FIND("-",AQ20)-1),""))-(IFERROR(--MID(AQ20,FIND("-",AQ20)+1,99),"")))=SIGN((AW20)-(AX20)))+2*(((IFERROR(--LEFT(AQ20,FIND("-",AQ20)-1),""))-(IFERROR(--MID(AQ20,FIND("-",AQ20)+1,99),"")))=((AW20)-(AX20)))+2*((IFERROR(--LEFT(AQ20,FIND("-",AQ20)-1),""))=(AW20))+2*((IFERROR(--MID(AQ20,FIND("-",AQ20)+1,99),""))=(AX20))),"")) -> 0 | AS20: 2-1 | AT20: =IF(OR($C20="",AS20=""),"",IFERROR(IF(AND(IFERROR(--LEFT(AS20,FIND("-",AS20)-1),"")=AW20,IFERROR(--MID(AS20,FIND("-",AS20)+1,99),"")=AX20),10,5*(SIGN((IFERROR(--LEFT(AS20,FIND("-",AS20)-1),""))-(IFERROR(--MID(AS20,FIND("-",AS20)+1,99),"")))=SIGN((AW20)-(AX20)))+2*(((IFERROR(--LEFT(AS20,FIND("-",AS20)-1),""))-(IFERROR(--MID(AS20,FIND("-",AS20)+1,99),"")))=((AW20)-(AX20)))+2*((IFERROR(--LEFT(AS20,FIND("-",AS20)-1),""))=(AW20))+2*((IFERROR(--MID(AS20,FIND("-",AS20)+1,99),""))=(AX20))),"")) -> 2 | AU20: 1-2 | AV20: =IF(OR($C20="",AU20=""),"",IFERROR(IF(AND(IFERROR(--LEFT(AU20,FIND("-",AU20)-1),"")=AW20,IFERROR(--MID(AU20,FIND("-",AU20)+1,99),"")=AX20),10,5*(SIGN((IFERROR(--LEFT(AU20,FIND("-",AU20)-1),""))-(IFERROR(--MID(AU20,FIND("-",AU20)+1,99),"")))=SIGN((AW20)-(AX20)))+2*(((IFERROR(--LEFT(AU20,FIND("-",AU20)-1),""))-(IFERROR(--MID(AU20,FIND("-",AU20)+1,99),"")))=((AW20)-(AX20)))+2*((IFERROR(--LEFT(AU20,FIND("-",AU20)-1),""))=(AW20))+2*((IFERROR(--MID(AU20,FIND("-",AU20)+1,99),""))=(AX20))),"")) -> 2 | AW20: =IF($C20="","",IFERROR(--LEFT($C20,FIND("-",$C20)-1),"")) -> 2 | AX20: =IF($C20="","",IFERROR(--MID($C20,FIND("-",$C20)+1,99),"")) -> 2
AR21: =IF(OR($C21="",AQ21=""),"",IFERROR(IF(AND(IFERROR(--LEFT(AQ21,FIND("-",AQ21)-1),"")=AW21,IFERROR(--MID(AQ21,FIND("-",AQ21)+1,99),"")=AX21),10,5*(SIGN((IFERROR(--LEFT(AQ21,FIND("-",AQ21)-1),""))-(IFERROR(--MID(AQ21,FIND("-",AQ21)+1,99),"")))=SIGN((AW21)-(AX21)))+2*(((IFERROR(--LEFT(AQ21,FIND("-",AQ21)-1),""))-(IFERROR(--MID(AQ21,FIND("-",AQ21)+1,99),"")))=((AW21)-(AX21)))+2*((IFERROR(--LEFT(AQ21,FIND("-",AQ21)-1),""))=(AW21))+2*((IFERROR(--MID(AQ21,FIND("-",AQ21)+1,99),""))=(AX21))),"")) | AT21: =IF(OR($C21="",AS21=""),"",IFERROR(IF(AND(IFERROR(--LEFT(AS21,FIND("-",AS21)-1),"")=AW21,IFERROR(--MID(AS21,FIND("-",AS21)+1,99),"")=AX21),10,5*(SIGN((IFERROR(--LEFT(AS21,FIND("-",AS21)-1),""))-(IFERROR(--MID(AS21,FIND("-",AS21)+1,99),"")))=SIGN((AW21)-(AX21)))+2*(((IFERROR(--LEFT(AS21,FIND("-",AS21)-1),""))-(IFERROR(--MID(AS21,FIND("-",AS21)+1,99),"")))=((AW21)-(AX21)))+2*((IFERROR(--LEFT(AS21,FIND("-",AS21)-1),""))=(AW21))+2*((IFERROR(--MID(AS21,FIND("-",AS21)+1,99),""))=(AX21))),""))
A22: maandag 15 juni 2026
A23: 1.0416667 | B23: Ivoorkust | C23: 1-0 | D23: Ecuador | E23: 1-1 | F23: =IF(OR($C23="",E23=""),"",IFERROR(IF(AND(IFERROR(--LEFT(E23,FIND("-",E23)-1),"")=AW23,IFERROR(--MID(E23,FIND("-",E23)+1,99),"")=AX23),10,5*(SIGN((IFERROR(--LEFT(E23,FIND("-",E23)-1),""))-(IFERROR(--MID(E23,FIND("-",E23)+1,99),"")))=SIGN((AW23)-(AX23)))+2*(((IFERROR(--LEFT(E23,FIND("-",E23)-1),""))-(IFERROR(--MID(E23,FIND("-",E23)+1,99),"")))=((AW23)-(AX23)))+2*((IFERROR(--LEFT(E23,FIND("-",E23)-1),""))=(AW23))+2*((IFERROR(--MID(E23,FIND("-",E23)+1,99),""))=(AX23))),"")) -> 2 | G23: 2-1 | H23: =IF(OR($C23="",G23=""),"",IFERROR(IF(AND(IFERROR(--LEFT(G23,FIND("-",G23)-1),"")=AW23,IFERROR(--MID(G23,FIND("-",G23)+1,99),"")=AX23),10,5*(SIGN((IFERROR(--LEFT(G23,FIND("-",G23)-1),""))-(IFERROR(--MID(G23,FIND("-",G23)+1,99),"")))=SIGN((AW23)-(AX23)))+2*(((IFERROR(--LEFT(G23,FIND("-",G23)-1),""))-(IFERROR(--MID(G23,FIND("-",G23)+1,99),"")))=((AW23)-(AX23)))+2*((IFERROR(--LEFT(G23,FIND("-",G23)-1),""))=(AW23))+2*((IFERROR(--MID(G23,FIND("-",G23)+1,99),""))=(AX23))),"")) -> 7 | I23: 1-0 | J23: =IF(OR($C23="",I23=""),"",IFERROR(IF(AND(IFERROR(--LEFT(I23,FIND("-",I23)-1),"")=AW23,IFERROR(--MID(I23,FIND("-",I23)+1,99),"")=AX23),10,5*(SIGN((IFERROR(--LEFT(I23,FIND("-",I23)-1),""))-(IFERROR(--MID(I23,FIND("-",I23)+1,99),"")))=SIGN((AW23)-(AX23)))+2*(((IFERROR(--LEFT(I23,FIND("-",I23)-1),""))-(IFERROR(--MID(I23,FIND("-",I23)+1,99),"")))=((AW23)-(AX23)))+2*((IFERROR(--LEFT(I23,FIND("-",I23)-1),""))=(AW23))+2*((IFERROR(--MID(I23,FIND("-",I23)+1,99),""))=(AX23))),"")) -> 10 | K23: 0-3 | L23: =IF(OR($C23="",K23=""),"",IFERROR(IF(AND(IFERROR(--LEFT(K23,FIND("-",K23)-1),"")=AW23,IFERROR(--MID(K23,FIND("-",K23)+1,99),"")=AX23),10,5*(SIGN((IFERROR(--LEFT(K23,FIND("-",K23)-1),""))-(IFERROR(--MID(K23,FIND("-",K23)+1,99),"")))=SIGN((AW23)-(AX23)))+2*(((IFERROR(--LEFT(K23,FIND("-",K23)-1),""))-(IFERROR(--MID(K23,FIND("-",K23)+1,99),"")))=((AW23)-(AX23)))+2*((IFERROR(--LEFT(K23,FIND("-",K23)-1),""))=(AW23))+2*((IFERROR(--MID(K23,FIND("-",K23)+1,99),""))=(AX23))),"")) -> 0 | M23: 1-1 | N23: =IF(OR($C23="",M23=""),"",IFERROR(IF(AND(IFERROR(--LEFT(M23,FIND("-",M23)-1),"")=AW23,IFERROR(--MID(M23,FIND("-",M23)+1,99),"")=AX23),10,5*(SIGN((IFERROR(--LEFT(M23,FIND("-",M23)-1),""))-(IFERROR(--MID(M23,FIND("-",M23)+1,99),"")))=SIGN((AW23)-(AX23)))+2*(((IFERROR(--LEFT(M23,FIND("-",M23)-1),""))-(IFERROR(--MID(M23,FIND("-",M23)+1,99),"")))=((AW23)-(AX23)))+2*((IFERROR(--LEFT(M23,FIND("-",M23)-1),""))=(AW23))+2*((IFERROR(--MID(M23,FIND("-",M23)+1,99),""))=(AX23))),"")) -> 2 | O23: 1-1 | P23: =IF(OR($C23="",O23=""),"",IFERROR(IF(AND(IFERROR(--LEFT(O23,FIND("-",O23)-1),"")=AW23,IFERROR(--MID(O23,FIND("-",O23)+1,99),"")=AX23),10,5*(SIGN((IFERROR(--LEFT(O23,FIND("-",O23)-1),""))-(IFERROR(--MID(O23,FIND("-",O23)+1,99),"")))=SIGN((AW23)-(AX23)))+2*(((IFERROR(--LEFT(O23,FIND("-",O23)-1),""))-(IFERROR(--MID(O23,FIND("-",O23)+1,99),"")))=((AW23)-(AX23)))+2*((IFERROR(--LEFT(O23,FIND("-",O23)-1),""))=(AW23))+2*((IFERROR(--MID(O23,FIND("-",O23)+1,99),""))=(AX23))),"")) -> 2 | Q23: 2-2 | R23: =IF(OR($C23="",Q23=""),"",IFERROR(IF(AND(IFERROR(--LEFT(Q23,FIND("-",Q23)-1),"")=AW23,IFERROR(--MID(Q23,FIND("-",Q23)+1,99),"")=AX23),10,5*(SIGN((IFERROR(--LEFT(Q23,FIND("-",Q23)-1),""))-(IFERROR(--MID(Q23,FIND("-",Q23)+1,99),"")))=SIGN((AW23)-(AX23)))+2*(((IFERROR(--LEFT(Q23,FIND("-",Q23)-1),""))-(IFERROR(--MID(Q23,FIND("-",Q23)+1,99),"")))=((AW23)-(AX23)))+2*((IFERROR(--LEFT(Q23,FIND("-",Q23)-1),""))=(AW23))+2*((IFERROR(--MID(Q23,FIND("-",Q23)+1,99),""))=(AX23))),"")) -> 0 | S23: 2-2 | T23: =IF(OR($C23="",S23=""),"",IFERROR(IF(AND(IFERROR(--LEFT(S23,FIND("-",S23)-1),"")=AW23,IFERROR(--MID(S23,FIND("-",S23)+1,99),"")=AX23),10,5*(SIGN((IFERROR(--LEFT(S23,FIND("-",S23)-1),""))-(IFERROR(--MID(S23,FIND("-",S23)+1,99),"")))=SIGN((AW23)-(AX23)))+2*(((IFERROR(--LEFT(S23,FIND("-",S23)-1),""))-(IFERROR(--MID(S23,FIND("-",S23)+1,99),"")))=((AW23)-(AX23)))+2*((IFERROR(--LEFT(S23,FIND("-",S23)-1),""))=(AW23))+2*((IFERROR(--MID(S23,FIND("-",S23)+1,99),""))=(AX23))),"")) -> 0 | U23: 2-1 | V23: =IF(OR($C23="",U23=""),"",IFERROR(IF(AND(IFERROR(--LEFT(U23,FIND("-",U23)-1),"")=AW23,IFERROR(--MID(U23,FIND("-",U23)+1,99),"")=AX23),10,5*(SIGN((IFERROR(--LEFT(U23,FIND("-",U23)-1),""))-(IFERROR(--MID(U23,FIND("-",U23)+1,99),"")))=SIGN((AW23)-(AX23)))+2*(((IFERROR(--LEFT(U23,FIND("-",U23)-1),""))-(IFERROR(--MID(U23,FIND("-",U23)+1,99),"")))=((AW23)-(AX23)))+2*((IFERROR(--LEFT(U23,FIND("-",U23)-1),""))=(AW23))+2*((IFERROR(--MID(U23,FIND("-",U23)+1,99),""))=(AX23))),"")) -> 7 | W23: 1-1 | X23: =IF(OR($C23="",W23=""),"",IFERROR(IF(AND(IFERROR(--LEFT(W23,FIND("-",W23)-1),"")=AW23,IFERROR(--MID(W23,FIND("-",W23)+1,99),"")=AX23),10,5*(SIGN((IFERROR(--LEFT(W23,FIND("-",W23)-1),""))-(IFERROR(--MID(W23,FIND("-",W23)+1,99),"")))=SIGN((AW23)-(AX23)))+2*(((IFERROR(--LEFT(W23,FIND("-",W23)-1),""))-(IFERROR(--MID(W23,FIND("-",W23)+1,99),"")))=((AW23)-(AX23)))+2*((IFERROR(--LEFT(W23,FIND("-",W23)-1),""))=(AW23))+2*((IFERROR(--MID(W23,FIND("-",W23)+1,99),""))=(AX23))),"")) -> 2 | Y23: 1-1 | Z23: =IF(OR($C23="",Y23=""),"",IFERROR(IF(AND(IFERROR(--LEFT(Y23,FIND("-",Y23)-1),"")=AW23,IFERROR(--MID(Y23,FIND("-",Y23)+1,99),"")=AX23),10,5*(SIGN((IFERROR(--LEFT(Y23,FIND("-",Y23)-1),""))-(IFERROR(--MID(Y23,FIND("-",Y23)+1,99),"")))=SIGN((AW23)-(AX23)))+2*(((IFERROR(--LEFT(Y23,FIND("-",Y23)-1),""))-(IFERROR(--MID(Y23,FIND("-",Y23)+1,99),"")))=((AW23)-(AX23)))+2*((IFERROR(--LEFT(Y23,FIND("-",Y23)-1),""))=(AW23))+2*((IFERROR(--MID(Y23,FIND("-",Y23)+1,99),""))=(AX23))),"")) -> 2 | AA23: 0-0 | AB23: =IF(OR($C23="",AA23=""),"",IFERROR(IF(AND(IFERROR(--LEFT(AA23,FIND("-",AA23)-1),"")=AW23,IFERROR(--MID(AA23,FIND("-",AA23)+1,99),"")=AX23),10,5*(SIGN((IFERROR(--LEFT(AA23,FIND("-",AA23)-1),""))-(IFERROR(--MID(AA23,FIND("-",AA23)+1,99),"")))=SIGN((AW23)-(AX23)))+2*(((IFERROR(--LEFT(AA23,FIND("-",AA23)-1),""))-(IFERROR(--MID(AA23,FIND("-",AA23)+1,99),"")))=((AW23)-(AX23)))+2*((IFERROR(--LEFT(AA23,FIND("-",AA23)-1),""))=(AW23))+2*((IFERROR(--MID(AA23,FIND("-",AA23)+1,99),""))=(AX23))),"")) -> 2 | AC23: 2-2 | AD23: =IF(OR($C23="",AC23=""),"",IFERROR(IF(AND(IFERROR(--LEFT(AC23,FIND("-",AC23)-1),"")=AW23,IFERROR(--MID(AC23,FIND("-",AC23)+1,99),"")=AX23),10,5*(SIGN((IFERROR(--LEFT(AC23,FIND("-",AC23)-1),""))-(IFERROR(--MID(AC23,FIND("-",AC23)+1,99),"")))=SIGN((AW23)-(AX23)))+2*(((IFERROR(--LEFT(AC23,FIND("-",AC23)-1),""))-(IFERROR(--MID(AC23,FIND("-",AC23)+1,99),"")))=((AW23)-(AX23)))+2*((IFERROR(--LEFT(AC23,FIND("-",AC23)-1),""))=(AW23))+2*((IFERROR(--MID(AC23,FIND("-",AC23)+1,99),""))=(AX23))),"")) -> 0 | AE23: 1-1 | AF23: =IF(OR($C23="",AE23=""),"",IFERROR(IF(AND(IFERROR(--LEFT(AE23,FIND("-",AE23)-1),"")=AW23,IFERROR(--MID(AE23,FIND("-",AE23)+1,99),"")=AX23),10,5*(SIGN((IFERROR(--LEFT(AE23,FIND("-",AE23)-1),""))-(IFERROR(--MID(AE23,FIND("-",AE23)+1,99),"")))=SIGN((AW23)-(AX23)))+2*(((IFERROR(--LEFT(AE23,FIND("-",AE23)-1),""))-(IFERROR(--MID(AE23,FIND("-",AE23)+1,99),"")))=((AW23)-(AX23)))+2*((IFERROR(--LEFT(AE23,FIND("-",AE23)-1),""))=(AW23))+2*((IFERROR(--MID(AE23,FIND("-",AE23)+1,99),""))=(AX23))),"")) -> 2 | AG23: 0-1 | AH23: =IF(OR($C23="",AG23=""),"",IFERROR(IF(AND(IFERROR(--LEFT(AG23,FIND("-",AG23)-1),"")=AW23,IFERROR(--MID(AG23,FIND("-",AG23)+1,99),"")=AX23),10,5*(SIGN((IFERROR(--LEFT(AG23,FIND("-",AG23)-1),""))-(IFERROR(--MID(AG23,FIND("-",AG23)+1,99),"")))=SIGN((AW23)-(AX23)))+2*(((IFERROR(--LEFT(AG23,FIND("-",AG23)-1),""))-(IFERROR(--MID(AG23,FIND("-",AG23)+1,99),"")))=((AW23)-(AX23)))+2*((IFERROR(--LEFT(AG23,FIND("-",AG23)-1),""))=(AW23))+2*((IFERROR(--MID(AG23,FIND("-",AG23)+1,99),""))=(AX23))),"")) -> 0 | AI23: 0-0 | AJ23: =IF(OR($C23="",AI23=""),"",IFERROR(IF(AND(IFERROR(--LEFT(AI23,FIND("-",AI23)-1),"")=AW23,IFERROR(--MID(AI23,FIND("-",AI23)+1,99),"")=AX23),10,5*(SIGN((IFERROR(--LEFT(AI23,FIND("-",AI23)-1),""))-(IFERROR(--MID(AI23,FIND("-",AI23)+1,99),"")))=SIGN((AW23)-(AX23)))+2*(((IFERROR(--LEFT(AI23,FIND("-",AI23)-1),""))-(IFERROR(--MID(AI23,FIND("-",AI23)+1,99),"")))=((AW23)-(AX23)))+2*((IFERROR(--LEFT(AI23,FIND("-",AI23)-1),""))=(AW23))+2*((IFERROR(--MID(AI23,FIND("-",AI23)+1,99),""))=(AX23))),"")) -> 2 | AK23: 1-1 | AL23: =IF(OR($C23="",AK23=""),"",IFERROR(IF(AND(IFERROR(--LEFT(AK23,FIND("-",AK23)-1),"")=AW23,IFERROR(--MID(AK23,FIND("-",AK23)+1,99),"")=AX23),10,5*(SIGN((IFERROR(--LEFT(AK23,FIND("-",AK23)-1),""))-(IFERROR(--MID(AK23,FIND("-",AK23)+1,99),"")))=SIGN((AW23)-(AX23)))+2*(((IFERROR(--LEFT(AK23,FIND("-",AK23)-1),""))-(IFERROR(--MID(AK23,FIND("-",AK23)+1,99),"")))=((AW23)-(AX23)))+2*((IFERROR(--LEFT(AK23,FIND("-",AK23)-1),""))=(AW23))+2*((IFERROR(--MID(AK23,FIND("-",AK23)+1,99),""))=(AX23))),"")) -> 2 | AM23: 2-2 | AN23: =IF(OR($C23="",AM23=""),"",IFERROR(IF(AND(IFERROR(--LEFT(AM23,FIND("-",AM23)-1),"")=AW23,IFERROR(--MID(AM23,FIND("-",AM23)+1,99),"")=AX23),10,5*(SIGN((IFERROR(--LEFT(AM23,FIND("-",AM23)-1),""))-(IFERROR(--MID(AM23,FIND("-",AM23)+1,99),"")))=SIGN((AW23)-(AX23)))+2*(((IFERROR(--LEFT(AM23,FIND("-",AM23)-1),""))-(IFERROR(--MID(AM23,FIND("-",AM23)+1,99),"")))=((AW23)-(AX23)))+2*((IFERROR(--LEFT(AM23,FIND("-",AM23)-1),""))=(AW23))+2*((IFERROR(--MID(AM23,FIND("-",AM23)+1,99),""))=(AX23))),"")) -> 0 | AO23: 1-1 | AP23: =IF(OR($C23="",AO23=""),"",IFERROR(IF(AND(IFERROR(--LEFT(AO23,FIND("-",AO23)-1),"")=AW23,IFERROR(--MID(AO23,FIND("-",AO23)+1,99),"")=AX23),10,5*(SIGN((IFERROR(--LEFT(AO23,FIND("-",AO23)-1),""))-(IFERROR(--MID(AO23,FIND("-",AO23)+1,99),"")))=SIGN((AW23)-(AX23)))+2*(((IFERROR(--LEFT(AO23,FIND("-",AO23)-1),""))-(IFERROR(--MID(AO23,FIND("-",AO23)+1,99),"")))=((AW23)-(AX23)))+2*((IFERROR(--LEFT(AO23,FIND("-",AO23)-1),""))=(AW23))+2*((IFERROR(--MID(AO23,FIND("-",AO23)+1,99),""))=(AX23))),"")) -> 2 | AQ23: 1-2 | AR23: =IF(OR($C23="",AQ23=""),"",IFERROR(IF(AND(IFERROR(--LEFT(AQ23,FIND("-",AQ23)-1),"")=AW23,IFERROR(--MID(AQ23,FIND("-",AQ23)+1,99),"")=AX23),10,5*(SIGN((IFERROR(--LEFT(AQ23,FIND("-",AQ23)-1),""))-(IFERROR(--MID(AQ23,FIND("-",AQ23)+1,99),"")))=SIGN((AW23)-(AX23)))+2*(((IFERROR(--LEFT(AQ23,FIND("-",AQ23)-1),""))-(IFERROR(--MID(AQ23,FIND("-",AQ23)+1,99),"")))=((AW23)-(AX23)))+2*((IFERROR(--LEFT(AQ23,FIND("-",AQ23)-1),""))=(AW23))+2*((IFERROR(--MID(AQ23,FIND("-",AQ23)+1,99),""))=(AX23))),"")) -> 2 | AS23: 1-2 | AT23: =IF(OR($C23="",AS23=""),"",IFERROR(IF(AND(IFERROR(--LEFT(AS23,FIND("-",AS23)-1),"")=AW23,IFERROR(--MID(AS23,FIND("-",AS23)+1,99),"")=AX23),10,5*(SIGN((IFERROR(--LEFT(AS23,FIND("-",AS23)-1),""))-(IFERROR(--MID(AS23,FIND("-",AS23)+1,99),"")))=SIGN((AW23)-(AX23)))+2*(((IFERROR(--LEFT(AS23,FIND("-",AS23)-1),""))-(IFERROR(--MID(AS23,FIND("-",AS23)+1,99),"")))=((AW23)-(AX23)))+2*((IFERROR(--LEFT(AS23,FIND("-",AS23)-1),""))=(AW23))+2*((IFERROR(--MID(AS23,FIND("-",AS23)+1,99),""))=(AX23))),"")) -> 2 | AU23: 0-2 | AV23: =IF(OR($C23="",AU23=""),"",IFERROR(IF(AND(IFERROR(--LEFT(AU23,FIND("-",AU23)-1),"")=AW23,IFERROR(--MID(AU23,FIND("-",AU23)+1,99),"")=AX23),10,5*(SIGN((IFERROR(--LEFT(AU23,FIND("-",AU23)-1),""))-(IFERROR(--MID(AU23,FIND("-",AU23)+1,99),"")))=SIGN((AW23)-(AX23)))+2*(((IFERROR(--LEFT(AU23,FIND("-",AU23)-1),""))-(IFERROR(--MID(AU23,FIND("-",AU23)+1,99),"")))=((AW23)-(AX23)))+2*((IFERROR(--LEFT(AU23,FIND("-",AU23)-1),""))=(AW23))+2*((IFERROR(--MID(AU23,FIND("-",AU23)+1,99),""))=(AX23))),"")) -> 0 | AW23: =IF($C23="","",IFERROR(--LEFT($C23,FIND("-",$C23)-1),"")) -> 1 | AX23: =IF($C23="","",IFERROR(--MID($C23,FIND("-",$C23)+1,99),"")) -> 0
A24: 1.1666667 | B24: Zweden | C24: 5-1 | D24: Tunesië | E24: 2-1 | F24: =IF(OR($C24="",E24=""),"",IFERROR(IF(AND(IFERROR(--LEFT(E24,FIND("-",E24)-1),"")=AW24,IFERROR(--MID(E24,FIND("-",E24)+1,99),"")=AX24),10,5*(SIGN((IFERROR(--LEFT(E24,FIND("-",E24)-1),""))-(IFERROR(--MID(E24,FIND("-",E24)+1,99),"")))=SIGN((AW24)-(AX24)))+2*(((IFERROR(--LEFT(E24,FIND("-",E24)-1),""))-(IFERROR(--MID(E24,FIND("-",E24)+1,99),"")))=((AW24)-(AX24)))+2*((IFERROR(--LEFT(E24,FIND("-",E24)-1),""))=(AW24))+2*((IFERROR(--MID(E24,FIND("-",E24)+1,99),""))=(AX24))),"")) -> 7 | G24: 1-1 | H24: =IF(OR($C24="",G24=""),"",IFERROR(IF(AND(IFERROR(--LEFT(G24,FIND("-",G24)-1),"")=AW24,IFERROR(--MID(G24,FIND("-",G24)+1,99),"")=AX24),10,5*(SIGN((IFERROR(--LEFT(G24,FIND("-",G24)-1),""))-(IFERROR(--MID(G24,FIND("-",G24)+1,99),"")))=SIGN((AW24)-(AX24)))+2*(((IFERROR(--LEFT(G24,FIND("-",G24)-1),""))-(IFERROR(--MID(G24,FIND("-",G24)+1,99),"")))=((AW24)-(AX24)))+2*((IFERROR(--LEFT(G24,FIND("-",G24)-1),""))=(AW24))+2*((IFERROR(--MID(G24,FIND("-",G24)+1,99),""))=(AX24))),"")) -> 2 | I24: 1-0 | J24: =IF(OR($C24="",I24=""),"",IFERROR(IF(AND(IFERROR(--LEFT(I24,FIND("-",I24)-1),"")=AW24,IFERROR(--MID(I24,FIND("-",I24)+1,99),"")=AX24),10,5*(SIGN((IFERROR(--LEFT(I24,FIND("-",I24)-1),""))-(IFERROR(--MID(I24,FIND("-",I24)+1,99),"")))=SIGN((AW24)-(AX24)))+2*(((IFERROR(--LEFT(I24,FIND("-",I24)-1),""))-(IFERROR(--MID(I24,FIND("-",I24)+1,99),"")))=((AW24)-(AX24)))+2*((IFERROR(--LEFT(I24,FIND("-",I24)-1),""))=(AW24))+2*((IFERROR(--MID(I24,FIND("-",I24)+1,99),""))=(AX24))),"")) -> 5 | K24: 3-0 | L24: =IF(OR($C24="",K24=""),"",IFERROR(IF(AND(IFERROR(--LEFT(K24,FIND("-",K24)-1),"")=AW24,IFERROR(--MID(K24,FIND("-",K24)+1,99),"")=AX24),10,5*(SIGN((IFERROR(--LEFT(K24,FIND("-",K24)-1),""))-(IFERROR(--MID(K24,FIND("-",K24)+1,99),"")))=SIGN((AW24)-(AX24)))+2*(((IFERROR(--LEFT(K24,FIND("-",K24)-1),""))-(IFERROR(--MID(K24,FIND("-",K24)+1,99),"")))=((AW24)-(AX24)))+2*((IFERROR(--LEFT(K24,FIND("-",K24)-1),""))=(AW24))+2*((IFERROR(--MID(K24,FIND("-",K24)+1,99),""))=(AX24))),"")) -> 5 | M24: 2-1 | N24: =IF(OR($C24="",M24=""),"",IFERROR(IF(AND(IFERROR(--LEFT(M24,FIND("-",M24)-1),"")=AW24,IFERROR(--MID(M24,FIND("-",M24)+1,99),"")=AX24),10,5*(SIGN((IFERROR(--LEFT(M24,FIND("-",M24)-1),""))-(IFERROR(--MID(M24,FIND("-",M24)+1,99),"")))=SIGN((AW24)-(AX24)))+2*(((IFERROR(--LEFT(M24,FIND("-",M24)-1),""))-(IFERROR(--MID(M24,FIND("-",M24)+1,99),"")))=((AW24)-(AX24)))+2*((IFERROR(--LEFT(M24,FIND("-",M24)-1),""))=(AW24))+2*((IFERROR(--MID(M24,FIND("-",M24)+1,99),""))=(AX24))),"")) -> 7 | O24: 1-0 | P24: =IF(OR($C24="",O24=""),"",IFERROR(IF(AND(IFERROR(--LEFT(O24,FIND("-",O24)-1),"")=AW24,IFERROR(--MID(O24,FIND("-",O24)+1,99),"")=AX24),10,5*(SIGN((IFERROR(--LEFT(O24,FIND("-",O24)-1),""))-(IFERROR(--MID(O24,FIND("-",O24)+1,99),"")))=SIGN((AW24)-(AX24)))+2*(((IFERROR(--LEFT(O24,FIND("-",O24)-1),""))-(IFERROR(--MID(O24,FIND("-",O24)+1,99),"")))=((AW24)-(AX24)))+2*((IFERROR(--LEFT(O24,FIND("-",O24)-1),""))=(AW24))+2*((IFERROR(--MID(O24,FIND("-",O24)+1,99),""))=(AX24))),"")) -> 5 | Q24: 3-1 | R24: =IF(OR($C24="",Q24=""),"",IFERROR(IF(AND(IFERROR(--LEFT(Q24,FIND("-",Q24)-1),"")=AW24,IFERROR(--MID(Q24,FIND("-",Q24)+1,99),"")=AX24),10,5*(SIGN((IFERROR(--LEFT(Q24,FIND("-",Q24)-1),""))-(IFERROR(--MID(Q24,FIND("-",Q24)+1,99),"")))=SIGN((AW24)-(AX24)))+2*(((IFERROR(--LEFT(Q24,FIND("-",Q24)-1),""))-(IFERROR(--MID(Q24,FIND("-",Q24)+1,99),"")))=((AW24)-(AX24)))+2*((IFERROR(--LEFT(Q24,FIND("-",Q24)-1),""))=(AW24))+2*((IFERROR(--MID(Q24,FIND("-",Q24)+1,99),""))=(AX24))),"")) -> 7 | S24: 1-1 | T24: =IF(OR($C24="",S24=""),"",IFERROR(IF(AND(IFERROR(--LEFT(S24,FIND("-",S24)-1),"")=AW24,IFERROR(--MID(S24,FIND("-",S24)+1,99),"")=AX24),10,5*(SIGN((IFERROR(--LEFT(S24,FIND("-",S24)-1),""))-(IFERROR(--MID(S24,FIND("-",S24)+1,99),"")))=SIGN((AW24)-(AX24)))+2*(((IFERROR(--LEFT(S24,FIND("-",S24)-1),""))-(IFERROR(--MID(S24,FIND("-",S24)+1,99),"")))=((AW24)-(AX24)))+2*((IFERROR(--LEFT(S24,FIND("-",S24)-1),""))=(AW24))+2*((IFERROR(--MID(S24,FIND("-",S24)+1,99),""))=(AX24))),"")) -> 2 | U24: 1-1 | V24: =IF(OR($C24="",U24=""),"",IFERROR(IF(AND(IFERROR(--LEFT(U24,FIND("-",U24)-1),"")=AW24,IFERROR(--MID(U24,FIND("-",U24)+1,99),"")=AX24),10,5*(SIGN((IFERROR(--LEFT(U24,FIND("-",U24)-1),""))-(IFERROR(--MID(U24,FIND("-",U24)+1,99),"")))=SIGN((AW24)-(AX24)))+2*(((IFERROR(--LEFT(U24,FIND("-",U24)-1),""))-(IFERROR(--MID(U24,FIND("-",U24)+1,99),"")))=((AW24)-(AX24)))+2*((IFERROR(--LEFT(U24,FIND("-",U24)-1),""))=(AW24))+2*((IFERROR(--MID(U24,FIND("-",U24)+1,99),""))=(AX24))),"")) -> 2 | W24: 1-0 | X24: =IF(OR($C24="",W24=""),"",IFERROR(IF(AND(IFERROR(--LEFT(W24,FIND("-",W24)-1),"")=AW24,IFERROR(--MID(W24,FIND("-",W24)+1,99),"")=AX24),10,5*(SIGN((IFERROR(--LEFT(W24,FIND("-",W24)-1),""))-(IFERROR(--MID(W24,FIND("-",W24)+1,99),"")))=SIGN((AW24)-(AX24)))+2*(((IFERROR(--LEFT(W24,FIND("-",W24)-1),""))-(IFERROR(--MID(W24,FIND("-",W24)+1,99),"")))=((AW24)-(AX24)))+2*((IFERROR(--LEFT(W24,FIND("-",W24)-1),""))=(AW24))+2*((IFERROR(--MID(W24,FIND("-",W24)+1,99),""))=(AX24))),"")) -> 5 | Y24: 1-0 | Z24: =IF(OR($C24="",Y24=""),"",IFERROR(IF(AND(IFERROR(--LEFT(Y24,FIND("-",Y24)-1),"")=AW24,IFERROR(--MID(Y24,FIND("-",Y24)+1,99),"")=AX24),10,5*(SIGN((IFERROR(--LEFT(Y24,FIND("-",Y24)-1),""))-(IFERROR(--MID(Y24,FIND("-",Y24)+1,99),"")))=SIGN((AW24)-(AX24)))+2*(((IFERROR(--LEFT(Y24,FIND("-",Y24)-1),""))-(IFERROR(--MID(Y24,FIND("-",Y24)+1,99),"")))=((AW24)-(AX24)))+2*((IFERROR(--LEFT(Y24,FIND("-",Y24)-1),""))=(AW24))+2*((IFERROR(--MID(Y24,FIND("-",Y24)+1,99),""))=(AX24))),"")) -> 5 | AA24: 1-0 | AB24: =IF(OR($C24="",AA24=""),"",IFERROR(IF(AND(IFERROR(--LEFT(AA24,FIND("-",AA24)-1),"")=AW24,IFERROR(--MID(AA24,FIND("-",AA24)+1,99),"")=AX24),10,5*(SIGN((IFERROR(--LEFT(AA24,FIND("-",AA24)-1),""))-(IFERROR(--MID(AA24,FIND("-",AA24)+1,99),"")))=SIGN((AW24)-(AX24)))+2*(((IFERROR(--LEFT(AA24,FIND("-",AA24)-1),""))-(IFERROR(--MID(AA24,FIND("-",AA24)+1,99),"")))=((AW24)-(AX24)))+2*((IFERROR(--LEFT(AA24,FIND("-",AA24)-1),""))=(AW24))+2*((IFERROR(--MID(AA24,FIND("-",AA24)+1,99),""))=(AX24))),"")) -> 5 | AC24: 2-1 | AD24: =IF(OR($C24="",AC24=""),"",IFERROR(IF(AND(IFERROR(--LEFT(AC24,FIND("-",AC24)-1),"")=AW24,IFERROR(--MID(AC24,FIND("-",AC24)+1,99),"")=AX24),10,5*(SIGN((IFERROR(--LEFT(AC24,FIND("-",AC24)-1),""))-(IFERROR(--MID(AC24,FIND("-",AC24)+1,99),"")))=SIGN((AW24)-(AX24)))+2*(((IFERROR(--LEFT(AC24,FIND("-",AC24)-1),""))-(IFERROR(--MID(AC24,FIND("-",AC24)+1,99),"")))=((AW24)-(AX24)))+2*((IFERROR(--LEFT(AC24,FIND("-",AC24)-1),""))=(AW24))+2*((IFERROR(--MID(AC24,FIND("-",AC24)+1,99),""))=(AX24))),"")) -> 7 | AE24: 1-0 | AF24: =IF(OR($C24="",AE24=""),"",IFERROR(IF(AND(IFERROR(--LEFT(AE24,FIND("-",AE24)-1),"")=AW24,IFERROR(--MID(AE24,FIND("-",AE24)+1,99),"")=AX24),10,5*(SIGN((IFERROR(--LEFT(AE24,FIND("-",AE24)-1),""))-(IFERROR(--MID(AE24,FIND("-",AE24)+1,99),"")))=SIGN((AW24)-(AX24)))+2*(((IFERROR(--LEFT(AE24,FIND("-",AE24)-1),""))-(IFERROR(--MID(AE24,FIND("-",AE24)+1,99),"")))=((AW24)-(AX24)))+2*((IFERROR(--LEFT(AE24,FIND("-",AE24)-1),""))=(AW24))+2*((IFERROR(--MID(AE24,FIND("-",AE24)+1,99),""))=(AX24))),"")) -> 5 | AG24: 2-0 | AH24: =IF(OR($C24="",AG24=""),"",IFERROR(IF(AND(IFERROR(--LEFT(AG24,FIND("-",AG24)-1),"")=AW24,IFERROR(--MID(AG24,FIND("-",AG24)+1,99),"")=AX24),10,5*(SIGN((IFERROR(--LEFT(AG24,FIND("-",AG24)-1),""))-(IFERROR(--MID(AG24,FIND("-",AG24)+1,99),"")))=SIGN((AW24)-(AX24)))+2*(((IFERROR(--LEFT(AG24,FIND("-",AG24)-1),""))-(IFERROR(--MID(AG24,FIND("-",AG24)+1,99),"")))=((AW24)-(AX24)))+2*((IFERROR(--LEFT(AG24,FIND("-",AG24)-1),""))=(AW24))+2*((IFERROR(--MID(AG24,FIND("-",AG24)+1,99),""))=(AX24))),"")) -> 5 | AI24: 1-0 | AJ24: =IF(OR($C24="",AI24=""),"",IFERROR(IF(AND(IFERROR(--LEFT(AI24,FIND("-",AI24)-1),"")=AW24,IFERROR(--MID(AI24,FIND("-",AI24)+1,99),"")=AX24),10,5*(SIGN((IFERROR(--LEFT(AI24,FIND("-",AI24)-1),""))-(IFERROR(--MID(AI24,FIND("-",AI24)+1,99),"")))=SIGN((AW24)-(AX24)))+2*(((IFERROR(--LEFT(AI24,FIND("-",AI24)-1),""))-(IFERROR(--MID(AI24,FIND("-",AI24)+1,99),"")))=((AW24)-(AX24)))+2*((IFERROR(--LEFT(AI24,FIND("-",AI24)-1),""))=(AW24))+2*((IFERROR(--MID(AI24,FIND("-",AI24)+1,99),""))=(AX24))),"")) -> 5 | AK24: 2-0 | AL24: =IF(OR($C24="",AK24=""),"",IFERROR(IF(AND(IFERROR(--LEFT(AK24,FIND("-",AK24)-1),"")=AW24,IFERROR(--MID(AK24,FIND("-",AK24)+1,99),"")=AX24),10,5*(SIGN((IFERROR(--LEFT(AK24,FIND("-",AK24)-1),""))-(IFERROR(--MID(AK24,FIND("-",AK24)+1,99),"")))=SIGN((AW24)-(AX24)))+2*(((IFERROR(--LEFT(AK24,FIND("-",AK24)-1),""))-(IFERROR(--MID(AK24,FIND("-",AK24)+1,99),"")))=((AW24)-(AX24)))+2*((IFERROR(--LEFT(AK24,FIND("-",AK24)-1),""))=(AW24))+2*((IFERROR(--MID(AK24,FIND("-",AK24)+1,99),""))=(AX24))),"")) -> 5 | AM24: 0-0 | AN24: =IF(OR($C24="",AM24=""),"",IFERROR(IF(AND(IFERROR(--LEFT(AM24,FIND("-",AM24)-1),"")=AW24,IFERROR(--MID(AM24,FIND("-",AM24)+1,99),"")=AX24),10,5*(SIGN((IFERROR(--LEFT(AM24,FIND("-",AM24)-1),""))-(IFERROR(--MID(AM24,FIND("-",AM24)+1,99),"")))=SIGN((AW24)-(AX24)))+2*(((IFERROR(--LEFT(AM24,FIND("-",AM24)-1),""))-(IFERROR(--MID(AM24,FIND("-",AM24)+1,99),"")))=((AW24)-(AX24)))+2*((IFERROR(--LEFT(AM24,FIND("-",AM24)-1),""))=(AW24))+2*((IFERROR(--MID(AM24,FIND("-",AM24)+1,99),""))=(AX24))),"")) -> 0 | AO24: 1-2 | AP24: =IF(OR($C24="",AO24=""),"",IFERROR(IF(AND(IFERROR(--LEFT(AO24,FIND("-",AO24)-1),"")=AW24,IFERROR(--MID(AO24,FIND("-",AO24)+1,99),"")=AX24),10,5*(SIGN((IFERROR(--LEFT(AO24,FIND("-",AO24)-1),""))-(IFERROR(--MID(AO24,FIND("-",AO24)+1,99),"")))=SIGN((AW24)-(AX24)))+2*(((IFERROR(--LEFT(AO24,FIND("-",AO24)-1),""))-(IFERROR(--MID(AO24,FIND("-",AO24)+1,99),"")))=((AW24)-(AX24)))+2*((IFERROR(--LEFT(AO24,FIND("-",AO24)-1),""))=(AW24))+2*((IFERROR(--MID(AO24,FIND("-",AO24)+1,99),""))=(AX24))),"")) -> 0 | AQ24: 2-0 | AR24: =IF(OR($C24="",AQ24=""),"",IFERROR(IF(AND(IFERROR(--LEFT(AQ24,FIND("-",AQ24)-1),"")=AW24,IFERROR(--MID(AQ24,FIND("-",AQ24)+1,99),"")=AX24),10,5*(SIGN((IFERROR(--LEFT(AQ24,FIND("-",AQ24)-1),""))-(IFERROR(--MID(AQ24,FIND("-",AQ24)+1,99),"")))=SIGN((AW24)-(AX24)))+2*(((IFERROR(--LEFT(AQ24,FIND("-",AQ24)-1),""))-(IFERROR(--MID(AQ24,FIND("-",AQ24)+1,99),"")))=((AW24)-(AX24)))+2*((IFERROR(--LEFT(AQ24,FIND("-",AQ24)-1),""))=(AW24))+2*((IFERROR(--MID(AQ24,FIND("-",AQ24)+1,99),""))=(AX24))),"")) -> 5 | AS24: 2-0 | AT24: =IF(OR($C24="",AS24=""),"",IFERROR(IF(AND(IFERROR(--LEFT(AS24,FIND("-",AS24)-1),"")=AW24,IFERROR(--MID(AS24,FIND("-",AS24)+1,99),"")=AX24),10,5*(SIGN((IFERROR(--LEFT(AS24,FIND("-",AS24)-1),""))-(IFERROR(--MID(AS24,FIND("-",AS24)+1,99),"")))=SIGN((AW24)-(AX24)))+2*(((IFERROR(--LEFT(AS24,FIND("-",AS24)-1),""))-(IFERROR(--MID(AS24,FIND("-",AS24)+1,99),"")))=((AW24)-(AX24)))+2*((IFERROR(--LEFT(AS24,FIND("-",AS24)-1),""))=(AW24))+2*((IFERROR(--MID(AS24,FIND("-",AS24)+1,99),""))=(AX24))),"")) -> 5 | AU24: 2-2 | AV24: =IF(OR($C24="",AU24=""),"",IFERROR(IF(AND(IFERROR(--LEFT(AU24,FIND("-",AU24)-1),"")=AW24,IFERROR(--MID(AU24,FIND("-",AU24)+1,99),"")=AX24),10,5*(SIGN((IFERROR(--LEFT(AU24,FIND("-",AU24)-1),""))-(IFERROR(--MID(AU24,FIND("-",AU24)+1,99),"")))=SIGN((AW24)-(AX24)))+2*(((IFERROR(--LEFT(AU24,FIND("-",AU24)-1),""))-(IFERROR(--MID(AU24,FIND("-",AU24)+1,99),"")))=((AW24)-(AX24)))+2*((IFERROR(--LEFT(AU24,FIND("-",AU24)-1),""))=(AW24))+2*((IFERROR(--MID(AU24,FIND("-",AU24)+1,99),""))=(AX24))),"")) -> 0 | AW24: =IF($C24="","",IFERROR(--LEFT($C24,FIND("-",$C24)-1),"")) -> 5 | AX24: =IF($C24="","",IFERROR(--MID($C24,FIND("-",$C24)+1,99),"")) -> 1
A25: 1.75 | B25: Spanje | C25: 0-0 | D25: Kaapverdië | E25: 3-0 | F25: =IF(OR($C25="",E25=""),"",IFERROR(IF(AND(IFERROR(--LEFT(E25,FIND("-",E25)-1),"")=AW25,IFERROR(--MID(E25,FIND("-",E25)+1,99),"")=AX25),10,5*(SIGN((IFERROR(--LEFT(E25,FIND("-",E25)-1),""))-(IFERROR(--MID(E25,FIND("-",E25)+1,99),"")))=SIGN((AW25)-(AX25)))+2*(((IFERROR(--LEFT(E25,FIND("-",E25)-1),""))-(IFERROR(--MID(E25,FIND("-",E25)+1,99),"")))=((AW25)-(AX25)))+2*((IFERROR(--LEFT(E25,FIND("-",E25)-1),""))=(AW25))+2*((IFERROR(--MID(E25,FIND("-",E25)+1,99),""))=(AX25))),"")) -> 2 | G25: 3-0 | H25: =IF(OR($C25="",G25=""),"",IFERROR(IF(AND(IFERROR(--LEFT(G25,FIND("-",G25)-1),"")=AW25,IFERROR(--MID(G25,FIND("-",G25)+1,99),"")=AX25),10,5*(SIGN((IFERROR(--LEFT(G25,FIND("-",G25)-1),""))-(IFERROR(--MID(G25,FIND("-",G25)+1,99),"")))=SIGN((AW25)-(AX25)))+2*(((IFERROR(--LEFT(G25,FIND("-",G25)-1),""))-(IFERROR(--MID(G25,FIND("-",G25)+1,99),"")))=((AW25)-(AX25)))+2*((IFERROR(--LEFT(G25,FIND("-",G25)-1),""))=(AW25))+2*((IFERROR(--MID(G25,FIND("-",G25)+1,99),""))=(AX25))),"")) -> 2 | I25: 3-0 | J25: =IF(OR($C25="",I25=""),"",IFERROR(IF(AND(IFERROR(--LEFT(I25,FIND("-",I25)-1),"")=AW25,IFERROR(--MID(I25,FIND("-",I25)+1,99),"")=AX25),10,5*(SIGN((IFERROR(--LEFT(I25,FIND("-",I25)-1),""))-(IFERROR(--MID(I25,FIND("-",I25)+1,99),"")))=SIGN((AW25)-(AX25)))+2*(((IFERROR(--LEFT(I25,FIND("-",I25)-1),""))-(IFERROR(--MID(I25,FIND("-",I25)+1,99),"")))=((AW25)-(AX25)))+2*((IFERROR(--LEFT(I25,FIND("-",I25)-1),""))=(AW25))+2*((IFERROR(--MID(I25,FIND("-",I25)+1,99),""))=(AX25))),"")) -> 2 | K25: 6-0 | L25: =IF(OR($C25="",K25=""),"",IFERROR(IF(AND(IFERROR(--LEFT(K25,FIND("-",K25)-1),"")=AW25,IFERROR(--MID(K25,FIND("-",K25)+1,99),"")=AX25),10,5*(SIGN((IFERROR(--LEFT(K25,FIND("-",K25)-1),""))-(IFERROR(--MID(K25,FIND("-",K25)+1,99),"")))=SIGN((AW25)-(AX25)))+2*(((IFERROR(--LEFT(K25,FIND("-",K25)-1),""))-(IFERROR(--MID(K25,FIND("-",K25)+1,99),"")))=((AW25)-(AX25)))+2*((IFERROR(--LEFT(K25,FIND("-",K25)-1),""))=(AW25))+2*((IFERROR(--MID(K25,FIND("-",K25)+1,99),""))=(AX25))),"")) -> 2 | M25: 4-0 | N25: =IF(OR($C25="",M25=""),"",IFERROR(IF(AND(IFERROR(--LEFT(M25,FIND("-",M25)-1),"")=AW25,IFERROR(--MID(M25,FIND("-",M25)+1,99),"")=AX25),10,5*(SIGN((IFERROR(--LEFT(M25,FIND("-",M25)-1),""))-(IFERROR(--MID(M25,FIND("-",M25)+1,99),"")))=SIGN((AW25)-(AX25)))+2*(((IFERROR(--LEFT(M25,FIND("-",M25)-1),""))-(IFERROR(--MID(M25,FIND("-",M25)+1,99),"")))=((AW25)-(AX25)))+2*((IFERROR(--LEFT(M25,FIND("-",M25)-1),""))=(AW25))+2*((IFERROR(--MID(M25,FIND("-",M25)+1,99),""))=(AX25))),"")) -> 2 | O25: 5-0 | P25: =IF(OR($C25="",O25=""),"",IFERROR(IF(AND(IFERROR(--LEFT(O25,FIND("-",O25)-1),"")=AW25,IFERROR(--MID(O25,FIND("-",O25)+1,99),"")=AX25),10,5*(SIGN((IFERROR(--LEFT(O25,FIND("-",O25)-1),""))-(IFERROR(--MID(O25,FIND("-",O25)+1,99),"")))=SIGN((AW25)-(AX25)))+2*(((IFERROR(--LEFT(O25,FIND("-",O25)-1),""))-(IFERROR(--MID(O25,FIND("-",O25)+1,99),"")))=((AW25)-(AX25)))+2*((IFERROR(--LEFT(O25,FIND("-",O25)-1),""))=(AW25))+2*((IFERROR(--MID(O25,FIND("-",O25)+1,99),""))=(AX25))),"")) -> 2 | Q25: 3-0 | R25: =IF(OR($C25="",Q25=""),"",IFERROR(IF(AND(IFERROR(--LEFT(Q25,FIND("-",Q25)-1),"")=AW25,IFERROR(--MID(Q25,FIND("-",Q25)+1,99),"")=AX25),10,5*(SIGN((IFERROR(--LEFT(Q25,FIND("-",Q25)-1),""))-(IFERROR(--MID(Q25,FIND("-",Q25)+1,99),"")))=SIGN((AW25)-(AX25)))+2*(((IFERROR(--LEFT(Q25,FIND("-",Q25)-1),""))-(IFERROR(--MID(Q25,FIND("-",Q25)+1,99),"")))=((AW25)-(AX25)))+2*((IFERROR(--LEFT(Q25,FIND("-",Q25)-1),""))=(AW25))+2*((IFERROR(--MID(Q25,FIND("-",Q25)+1,99),""))=(AX25))),"")) -> 2 | S25: 4-1 | T25: =IF(OR($C25="",S25=""),"",IFERROR(IF(AND(IFERROR(--LEFT(S25,FIND("-",S25)-1),"")=AW25,IFERROR(--MID(S25,FIND("-",S25)+1,99),"")=AX25),10,5*(SIGN((IFERROR(--LEFT(S25,FIND("-",S25)-1),""))-(IFERROR(--MID(S25,FIND("-",S25)+1,99),"")))=SIGN((AW25)-(AX25)))+2*(((IFERROR(--LEFT(S25,FIND("-",S25)-1),""))-(IFERROR(--MID(S25,FIND("-",S25)+1,99),"")))=((AW25)-(AX25)))+2*((IFERROR(--LEFT(S25,FIND("-",S25)-1),""))=(AW25))+2*((IFERROR(--MID(S25,FIND("-",S25)+1,99),""))=(AX25))),"")) -> 0 | U25: 3-0 | V25: =IF(OR($C25="",U25=""),"",IFERROR(IF(AND(IFERROR(--LEFT(U25,FIND("-",U25)-1),"")=AW25,IFERROR(--MID(U25,FIND("-",U25)+1,99),"")=AX25),10,5*(SIGN((IFERROR(--LEFT(U25,FIND("-",U25)-1),""))-(IFERROR(--MID(U25,FIND("-",U25)+1,99),"")))=SIGN((AW25)-(AX25)))+2*(((IFERROR(--LEFT(U25,FIND("-",U25)-1),""))-(IFERROR(--MID(U25,FIND("-",U25)+1,99),"")))=((AW25)-(AX25)))+2*((IFERROR(--LEFT(U25,FIND("-",U25)-1),""))=(AW25))+2*((IFERROR(--MID(U25,FIND("-",U25)+1,99),""))=(AX25))),"")) -> 2 | W25: 3-0 | X25: =IF(OR($C25="",W25=""),"",IFERROR(IF(AND(IFERROR(--LEFT(W25,FIND("-",W25)-1),"")=AW25,IFERROR(--MID(W25,FIND("-",W25)+1,99),"")=AX25),10,5*(SIGN((IFERROR(--LEFT(W25,FIND("-",W25)-1),""))-(IFERROR(--MID(W25,FIND("-",W25)+1,99),"")))=SIGN((AW25)-(AX25)))+2*(((IFERROR(--LEFT(W25,FIND("-",W25)-1),""))-(IFERROR(--MID(W25,FIND("-",W25)+1,99),"")))=((AW25)-(AX25)))+2*((IFERROR(--LEFT(W25,FIND("-",W25)-1),""))=(AW25))+2*((IFERROR(--MID(W25,FIND("-",W25)+1,99),""))=(AX25))),"")) -> 2 | Y25: 3-0 | Z25: =IF(OR($C25="",Y25=""),"",IFERROR(IF(AND(IFERROR(--LEFT(Y25,FIND("-",Y25)-1),"")=AW25,IFERROR(--MID(Y25,FIND("-",Y25)+1,99),"")=AX25),10,5*(SIGN((IFERROR(--LEFT(Y25,FIND("-",Y25)-1),""))-(IFERROR(--MID(Y25,FIND("-",Y25)+1,99),"")))=SIGN((AW25)-(AX25)))+2*(((IFERROR(--LEFT(Y25,FIND("-",Y25)-1),""))-(IFERROR(--MID(Y25,FIND("-",Y25)+1,99),"")))=((AW25)-(AX25)))+2*((IFERROR(--LEFT(Y25,FIND("-",Y25)-1),""))=(AW25))+2*((IFERROR(--MID(Y25,FIND("-",Y25)+1,99),""))=(AX25))),"")) -> 2 | AA25: 4-1 | AB25: =IF(OR($C25="",AA25=""),"",IFERROR(IF(AND(IFERROR(--LEFT(AA25,FIND("-",AA25)-1),"")=AW25,IFERROR(--MID(AA25,FIND("-",AA25)+1,99),"")=AX25),10,5*(SIGN((IFERROR(--LEFT(AA25,FIND("-",AA25)-1),""))-(IFERROR(--MID(AA25,FIND("-",AA25)+1,99),"")))=SIGN((AW25)-(AX25)))+2*(((IFERROR(--LEFT(AA25,FIND("-",AA25)-1),""))-(IFERROR(--MID(AA25,FIND("-",AA25)+1,99),"")))=((AW25)-(AX25)))+2*((IFERROR(--LEFT(AA25,FIND("-",AA25)-1),""))=(AW25))+2*((IFERROR(--MID(AA25,FIND("-",AA25)+1,99),""))=(AX25))),"")) -> 0 | AC25: 4-0 | AD25: =IF(OR($C25="",AC25=""),"",IFERROR(IF(AND(IFERROR(--LEFT(AC25,FIND("-",AC25)-1),"")=AW25,IFERROR(--MID(AC25,FIND("-",AC25)+1,99),"")=AX25),10,5*(SIGN((IFERROR(--LEFT(AC25,FIND("-",AC25)-1),""))-(IFERROR(--MID(AC25,FIND("-",AC25)+1,99),"")))=SIGN((AW25)-(AX25)))+2*(((IFERROR(--LEFT(AC25,FIND("-",AC25)-1),""))-(IFERROR(--MID(AC25,FIND("-",AC25)+1,99),"")))=((AW25)-(AX25)))+2*((IFERROR(--LEFT(AC25,FIND("-",AC25)-1),""))=(AW25))+2*((IFERROR(--MID(AC25,FIND("-",AC25)+1,99),""))=(AX25))),"")) -> 2 | AE25: 3-0 | AF25: =IF(OR($C25="",AE25=""),"",IFERROR(IF(AND(IFERROR(--LEFT(AE25,FIND("-",AE25)-1),"")=AW25,IFERROR(--MID(AE25,FIND("-",AE25)+1,99),"")=AX25),10,5*(SIGN((IFERROR(--LEFT(AE25,FIND("-",AE25)-1),""))-(IFERROR(--MID(AE25,FIND("-",AE25)+1,99),"")))=SIGN((AW25)-(AX25)))+2*(((IFERROR(--LEFT(AE25,FIND("-",AE25)-1),""))-(IFERROR(--MID(AE25,FIND("-",AE25)+1,99),"")))=((AW25)-(AX25)))+2*((IFERROR(--LEFT(AE25,FIND("-",AE25)-1),""))=(AW25))+2*((IFERROR(--MID(AE25,FIND("-",AE25)+1,99),""))=(AX25))),"")) -> 2 | AG25: 3-0 | AH25: =IF(OR($C25="",AG25=""),"",IFERROR(IF(AND(IFERROR(--LEFT(AG25,FIND("-",AG25)-1),"")=AW25,IFERROR(--MID(AG25,FIND("-",AG25)+1,99),"")=AX25),10,5*(SIGN((IFERROR(--LEFT(AG25,FIND("-",AG25)-1),""))-(IFERROR(--MID(AG25,FIND("-",AG25)+1,99),"")))=SIGN((AW25)-(AX25)))+2*(((IFERROR(--LEFT(AG25,FIND("-",AG25)-1),""))-(IFERROR(--MID(AG25,FIND("-",AG25)+1,99),"")))=((AW25)-(AX25)))+2*((IFERROR(--LEFT(AG25,FIND("-",AG25)-1),""))=(AW25))+2*((IFERROR(--MID(AG25,FIND("-",AG25)+1,99),""))=(AX25))),"")) -> 2 | AI25: 4-0 | AJ25: =IF(OR($C25="",AI25=""),"",IFERROR(IF(AND(IFERROR(--LEFT(AI25,FIND("-",AI25)-1),"")=AW25,IFERROR(--MID(AI25,FIND("-",AI25)+1,99),"")=AX25),10,5*(SIGN((IFERROR(--LEFT(AI25,FIND("-",AI25)-1),""))-(IFERROR(--MID(AI25,FIND("-",AI25)+1,99),"")))=SIGN((AW25)-(AX25)))+2*(((IFERROR(--LEFT(AI25,FIND("-",AI25)-1),""))-(IFERROR(--MID(AI25,FIND("-",AI25)+1,99),"")))=((AW25)-(AX25)))+2*((IFERROR(--LEFT(AI25,FIND("-",AI25)-1),""))=(AW25))+2*((IFERROR(--MID(AI25,FIND("-",AI25)+1,99),""))=(AX25))),"")) -> 2 | AK25: 3-0 | AL25: =IF(OR($C25="",AK25=""),"",IFERROR(IF(AND(IFERROR(--LEFT(AK25,FIND("-",AK25)-1),"")=AW25,IFERROR(--MID(AK25,FIND("-",AK25)+1,99),"")=AX25),10,5*(SIGN((IFERROR(--LEFT(AK25,FIND("-",AK25)-1),""))-(IFERROR(--MID(AK25,FIND("-",AK25)+1,99),"")))=SIGN((AW25)-(AX25)))+2*(((IFERROR(--LEFT(AK25,FIND("-",AK25)-1),""))-(IFERROR(--MID(AK25,FIND("-",AK25)+1,99),"")))=((AW25)-(AX25)))+2*((IFERROR(--LEFT(AK25,FIND("-",AK25)-1),""))=(AW25))+2*((IFERROR(--MID(AK25,FIND("-",AK25)+1,99),""))=(AX25))),"")) -> 2 | AM25: 4-1 | AN25: =IF(OR($C25="",AM25=""),"",IFERROR(IF(AND(IFERROR(--LEFT(AM25,FIND("-",AM25)-1),"")=AW25,IFERROR(--MID(AM25,FIND("-",AM25)+1,99),"")=AX25),10,5*(SIGN((IFERROR(--LEFT(AM25,FIND("-",AM25)-1),""))-(IFERROR(--MID(AM25,FIND("-",AM25)+1,99),"")))=SIGN((AW25)-(AX25)))+2*(((IFERROR(--LEFT(AM25,FIND("-",AM25)-1),""))-(IFERROR(--MID(AM25,FIND("-",AM25)+1,99),"")))=((AW25)-(AX25)))+2*((IFERROR(--LEFT(AM25,FIND("-",AM25)-1),""))=(AW25))+2*((IFERROR(--MID(AM25,FIND("-",AM25)+1,99),""))=(AX25))),"")) -> 0 | AO25: 3-0 | AP25: =IF(OR($C25="",AO25=""),"",IFERROR(IF(AND(IFERROR(--LEFT(AO25,FIND("-",AO25)-1),"")=AW25,IFERROR(--MID(AO25,FIND("-",AO25)+1,99),"")=AX25),10,5*(SIGN((IFERROR(--LEFT(AO25,FIND("-",AO25)-1),""))-(IFERROR(--MID(AO25,FIND("-",AO25)+1,99),"")))=SIGN((AW25)-(AX25)))+2*(((IFERROR(--LEFT(AO25,FIND("-",AO25)-1),""))-(IFERROR(--MID(AO25,FIND("-",AO25)+1,99),"")))=((AW25)-(AX25)))+2*((IFERROR(--LEFT(AO25,FIND("-",AO25)-1),""))=(AW25))+2*((IFERROR(--MID(AO25,FIND("-",AO25)+1,99),""))=(AX25))),"")) -> 2 | AQ25: 3-0 | AR25: =IF(OR($C25="",AQ25=""),"",IFERROR(IF(AND(IFERROR(--LEFT(AQ25,FIND("-",AQ25)-1),"")=AW25,IFERROR(--MID(AQ25,FIND("-",AQ25)+1,99),"")=AX25),10,5*(SIGN((IFERROR(--LEFT(AQ25,FIND("-",AQ25)-1),""))-(IFERROR(--MID(AQ25,FIND("-",AQ25)+1,99),"")))=SIGN((AW25)-(AX25)))+2*(((IFERROR(--LEFT(AQ25,FIND("-",AQ25)-1),""))-(IFERROR(--MID(AQ25,FIND("-",AQ25)+1,99),"")))=((AW25)-(AX25)))+2*((IFERROR(--LEFT(AQ25,FIND("-",AQ25)-1),""))=(AW25))+2*((IFERROR(--MID(AQ25,FIND("-",AQ25)+1,99),""))=(AX25))),"")) -> 2 | AS25: 4-0 | AT25: =IF(OR($C25="",AS25=""),"",IFERROR(IF(AND(IFERROR(--LEFT(AS25,FIND("-",AS25)-1),"")=AW25,IFERROR(--MID(AS25,FIND("-",AS25)+1,99),"")=AX25),10,5*(SIGN((IFERROR(--LEFT(AS25,FIND("-",AS25)-1),""))-(IFERROR(--MID(AS25,FIND("-",AS25)+1,99),"")))=SIGN((AW25)-(AX25)))+2*(((IFERROR(--LEFT(AS25,FIND("-",AS25)-1),""))-(IFERROR(--MID(AS25,FIND("-",AS25)+1,99),"")))=((AW25)-(AX25)))+2*((IFERROR(--LEFT(AS25,FIND("-",AS25)-1),""))=(AW25))+2*((IFERROR(--MID(AS25,FIND("-",AS25)+1,99),""))=(AX25))),"")) -> 2 | AU25: 2-0 | AV25: =IF(OR($C25="",AU25=""),"",IFERROR(IF(AND(IFERROR(--LEFT(AU25,FIND("-",AU25)-1),"")=AW25,IFERROR(--MID(AU25,FIND("-",AU25)+1,99),"")=AX25),10,5*(SIGN((IFERROR(--LEFT(AU25,FIND("-",AU25)-1),""))-(IFERROR(--MID(AU25,FIND("-",AU25)+1,99),"")))=SIGN((AW25)-(AX25)))+2*(((IFERROR(--LEFT(AU25,FIND("-",AU25)-1),""))-(IFERROR(--MID(AU25,FIND("-",AU25)+1,99),"")))=((AW25)-(AX25)))+2*((IFERROR(--LEFT(AU25,FIND("-",AU25)-1),""))=(AW25))+2*((IFERROR(--MID(AU25,FIND("-",AU25)+1,99),""))=(AX25))),"")) -> 2 | AW25: =IF($C25="","",IFERROR(--LEFT($C25,FIND("-",$C25)-1),"")) -> 0 | AX25: =IF($C25="","",IFERROR(--MID($C25,FIND("-",$C25)+1,99),"")) -> 0
A26: 1.875 | B26: België | C26: 1-1 | D26: Egypte | E26: 2-1 | F26: =IF(OR($C26="",E26=""),"",IFERROR(IF(AND(IFERROR(--LEFT(E26,FIND("-",E26)-1),"")=AW26,IFERROR(--MID(E26,FIND("-",E26)+1,99),"")=AX26),10,5*(SIGN((IFERROR(--LEFT(E26,FIND("-",E26)-1),""))-(IFERROR(--MID(E26,FIND("-",E26)+1,99),"")))=SIGN((AW26)-(AX26)))+2*(((IFERROR(--LEFT(E26,FIND("-",E26)-1),""))-(IFERROR(--MID(E26,FIND("-",E26)+1,99),"")))=((AW26)-(AX26)))+2*((IFERROR(--LEFT(E26,FIND("-",E26)-1),""))=(AW26))+2*((IFERROR(--MID(E26,FIND("-",E26)+1,99),""))=(AX26))),"")) -> 2 | G26: 2-1 | H26: =IF(OR($C26="",G26=""),"",IFERROR(IF(AND(IFERROR(--LEFT(G26,FIND("-",G26)-1),"")=AW26,IFERROR(--MID(G26,FIND("-",G26)+1,99),"")=AX26),10,5*(SIGN((IFERROR(--LEFT(G26,FIND("-",G26)-1),""))-(IFERROR(--MID(G26,FIND("-",G26)+1,99),"")))=SIGN((AW26)-(AX26)))+2*(((IFERROR(--LEFT(G26,FIND("-",G26)-1),""))-(IFERROR(--MID(G26,FIND("-",G26)+1,99),"")))=((AW26)-(AX26)))+2*((IFERROR(--LEFT(G26,FIND("-",G26)-1),""))=(AW26))+2*((IFERROR(--MID(G26,FIND("-",G26)+1,99),""))=(AX26))),"")) -> 2 | I26: 2-1 | J26: =IF(OR($C26="",I26=""),"",IFERROR(IF(AND(IFERROR(--LEFT(I26,FIND("-",I26)-1),"")=AW26,IFERROR(--MID(I26,FIND("-",I26)+1,99),"")=AX26),10,5*(SIGN((IFERROR(--LEFT(I26,FIND("-",I26)-1),""))-(IFERROR(--MID(I26,FIND("-",I26)+1,99),"")))=SIGN((AW26)-(AX26)))+2*(((IFERROR(--LEFT(I26,FIND("-",I26)-1),""))-(IFERROR(--MID(I26,FIND("-",I26)+1,99),"")))=((AW26)-(AX26)))+2*((IFERROR(--LEFT(I26,FIND("-",I26)-1),""))=(AW26))+2*((IFERROR(--MID(I26,FIND("-",I26)+1,99),""))=(AX26))),"")) -> 2 | K26: 4-1 | L26: =IF(OR($C26="",K26=""),"",IFERROR(IF(AND(IFERROR(--LEFT(K26,FIND("-",K26)-1),"")=AW26,IFERROR(--MID(K26,FIND("-",K26)+1,99),"")=AX26),10,5*(SIGN((IFERROR(--LEFT(K26,FIND("-",K26)-1),""))-(IFERROR(--MID(K26,FIND("-",K26)+1,99),"")))=SIGN((AW26)-(AX26)))+2*(((IFERROR(--LEFT(K26,FIND("-",K26)-1),""))-(IFERROR(--MID(K26,FIND("-",K26)+1,99),"")))=((AW26)-(AX26)))+2*((IFERROR(--LEFT(K26,FIND("-",K26)-1),""))=(AW26))+2*((IFERROR(--MID(K26,FIND("-",K26)+1,99),""))=(AX26))),"")) -> 2 | M26: 2-2 | N26: =IF(OR($C26="",M26=""),"",IFERROR(IF(AND(IFERROR(--LEFT(M26,FIND("-",M26)-1),"")=AW26,IFERROR(--MID(M26,FIND("-",M26)+1,99),"")=AX26),10,5*(SIGN((IFERROR(--LEFT(M26,FIND("-",M26)-1),""))-(IFERROR(--MID(M26,FIND("-",M26)+1,99),"")))=SIGN((AW26)-(AX26)))+2*(((IFERROR(--LEFT(M26,FIND("-",M26)-1),""))-(IFERROR(--MID(M26,FIND("-",M26)+1,99),"")))=((AW26)-(AX26)))+2*((IFERROR(--LEFT(M26,FIND("-",M26)-1),""))=(AW26))+2*((IFERROR(--MID(M26,FIND("-",M26)+1,99),""))=(AX26))),"")) -> 7 | O26: 2-1 | P26: =IF(OR($C26="",O26=""),"",IFERROR(IF(AND(IFERROR(--LEFT(O26,FIND("-",O26)-1),"")=AW26,IFERROR(--MID(O26,FIND("-",O26)+1,99),"")=AX26),10,5*(SIGN((IFERROR(--LEFT(O26,FIND("-",O26)-1),""))-(IFERROR(--MID(O26,FIND("-",O26)+1,99),"")))=SIGN((AW26)-(AX26)))+2*(((IFERROR(--LEFT(O26,FIND("-",O26)-1),""))-(IFERROR(--MID(O26,FIND("-",O26)+1,99),"")))=((AW26)-(AX26)))+2*((IFERROR(--LEFT(O26,FIND("-",O26)-1),""))=(AW26))+2*((IFERROR(--MID(O26,FIND("-",O26)+1,99),""))=(AX26))),"")) -> 2 | Q26: 2-0 | R26: =IF(OR($C26="",Q26=""),"",IFERROR(IF(AND(IFERROR(--LEFT(Q26,FIND("-",Q26)-1),"")=AW26,IFERROR(--MID(Q26,FIND("-",Q26)+1,99),"")=AX26),10,5*(SIGN((IFERROR(--LEFT(Q26,FIND("-",Q26)-1),""))-(IFERROR(--MID(Q26,FIND("-",Q26)+1,99),"")))=SIGN((AW26)-(AX26)))+2*(((IFERROR(--LEFT(Q26,FIND("-",Q26)-1),""))-(IFERROR(--MID(Q26,FIND("-",Q26)+1,99),"")))=((AW26)-(AX26)))+2*((IFERROR(--LEFT(Q26,FIND("-",Q26)-1),""))=(AW26))+2*((IFERROR(--MID(Q26,FIND("-",Q26)+1,99),""))=(AX26))),"")) -> 0 | S26: 4-0 | T26: =IF(OR($C26="",S26=""),"",IFERROR(IF(AND(IFERROR(--LEFT(S26,FIND("-",S26)-1),"")=AW26,IFERROR(--MID(S26,FIND("-",S26)+1,99),"")=AX26),10,5*(SIGN((IFERROR(--LEFT(S26,FIND("-",S26)-1),""))-(IFERROR(--MID(S26,FIND("-",S26)+1,99),"")))=SIGN((AW26)-(AX26)))+2*(((IFERROR(--LEFT(S26,FIND("-",S26)-1),""))-(IFERROR(--MID(S26,FIND("-",S26)+1,99),"")))=((AW26)-(AX26)))+2*((IFERROR(--LEFT(S26,FIND("-",S26)-1),""))=(AW26))+2*((IFERROR(--MID(S26,FIND("-",S26)+1,99),""))=(AX26))),"")) -> 0 | U26: 2-1 | V26: =IF(OR($C26="",U26=""),"",IFERROR(IF(AND(IFERROR(--LEFT(U26,FIND("-",U26)-1),"")=AW26,IFERROR(--MID(U26,FIND("-",U26)+1,99),"")=AX26),10,5*(SIGN((IFERROR(--LEFT(U26,FIND("-",U26)-1),""))-(IFERROR(--MID(U26,FIND("-",U26)+1,99),"")))=SIGN((AW26)-(AX26)))+2*(((IFERROR(--LEFT(U26,FIND("-",U26)-1),""))-(IFERROR(--MID(U26,FIND("-",U26)+1,99),"")))=((AW26)-(AX26)))+2*((IFERROR(--LEFT(U26,FIND("-",U26)-1),""))=(AW26))+2*((IFERROR(--MID(U26,FIND("-",U26)+1,99),""))=(AX26))),"")) -> 2 | W26: 2-0 | X26: =IF(OR($C26="",W26=""),"",IFERROR(IF(AND(IFERROR(--LEFT(W26,FIND("-",W26)-1),"")=AW26,IFERROR(--MID(W26,FIND("-",W26)+1,99),"")=AX26),10,5*(SIGN((IFERROR(--LEFT(W26,FIND("-",W26)-1),""))-(IFERROR(--MID(W26,FIND("-",W26)+1,99),"")))=SIGN((AW26)-(AX26)))+2*(((IFERROR(--LEFT(W26,FIND("-",W26)-1),""))-(IFERROR(--MID(W26,FIND("-",W26)+1,99),"")))=((AW26)-(AX26)))+2*((IFERROR(--LEFT(W26,FIND("-",W26)-1),""))=(AW26))+2*((IFERROR(--MID(W26,FIND("-",W26)+1,99),""))=(AX26))),"")) -> 0 | Y26: 2-0 | Z26: =IF(OR($C26="",Y26=""),"",IFERROR(IF(AND(IFERROR(--LEFT(Y26,FIND("-",Y26)-1),"")=AW26,IFERROR(--MID(Y26,FIND("-",Y26)+1,99),"")=AX26),10,5*(SIGN((IFERROR(--LEFT(Y26,FIND("-",Y26)-1),""))-(IFERROR(--MID(Y26,FIND("-",Y26)+1,99),"")))=SIGN((AW26)-(AX26)))+2*(((IFERROR(--LEFT(Y26,FIND("-",Y26)-1),""))-(IFERROR(--MID(Y26,FIND("-",Y26)+1,99),"")))=((AW26)-(AX26)))+2*((IFERROR(--LEFT(Y26,FIND("-",Y26)-1),""))=(AW26))+2*((IFERROR(--MID(Y26,FIND("-",Y26)+1,99),""))=(AX26))),"")) -> 0 | AA26: 3-0 | AB26: =IF(OR($C26="",AA26=""),"",IFERROR(IF(AND(IFERROR(--LEFT(AA26,FIND("-",AA26)-1),"")=AW26,IFERROR(--MID(AA26,FIND("-",AA26)+1,99),"")=AX26),10,5*(SIGN((IFERROR(--LEFT(AA26,FIND("-",AA26)-1),""))-(IFERROR(--MID(AA26,FIND("-",AA26)+1,99),"")))=SIGN((AW26)-(AX26)))+2*(((IFERROR(--LEFT(AA26,FIND("-",AA26)-1),""))-(IFERROR(--MID(AA26,FIND("-",AA26)+1,99),"")))=((AW26)-(AX26)))+2*((IFERROR(--LEFT(AA26,FIND("-",AA26)-1),""))=(AW26))+2*((IFERROR(--MID(AA26,FIND("-",AA26)+1,99),""))=(AX26))),"")) -> 0 | AC26: 2-1 | AD26: =IF(OR($C26="",AC26=""),"",IFERROR(IF(AND(IFERROR(--LEFT(AC26,FIND("-",AC26)-1),"")=AW26,IFERROR(--MID(AC26,FIND("-",AC26)+1,99),"")=AX26),10,5*(SIGN((IFERROR(--LEFT(AC26,FIND("-",AC26)-1),""))-(IFERROR(--MID(AC26,FIND("-",AC26)+1,99),"")))=SIGN((AW26)-(AX26)))+2*(((IFERROR(--LEFT(AC26,FIND("-",AC26)-1),""))-(IFERROR(--MID(AC26,FIND("-",AC26)+1,99),"")))=((AW26)-(AX26)))+2*((IFERROR(--LEFT(AC26,FIND("-",AC26)-1),""))=(AW26))+2*((IFERROR(--MID(AC26,FIND("-",AC26)+1,99),""))=(AX26))),"")) -> 2 | AE26: 2-1 | AF26: =IF(OR($C26="",AE26=""),"",IFERROR(IF(AND(IFERROR(--LEFT(AE26,FIND("-",AE26)-1),"")=AW26,IFERROR(--MID(AE26,FIND("-",AE26)+1,99),"")=AX26),10,5*(SIGN((IFERROR(--LEFT(AE26,FIND("-",AE26)-1),""))-(IFERROR(--MID(AE26,FIND("-",AE26)+1,99),"")))=SIGN((AW26)-(AX26)))+2*(((IFERROR(--LEFT(AE26,FIND("-",AE26)-1),""))-(IFERROR(--MID(AE26,FIND("-",AE26)+1,99),"")))=((AW26)-(AX26)))+2*((IFERROR(--LEFT(AE26,FIND("-",AE26)-1),""))=(AW26))+2*((IFERROR(--MID(AE26,FIND("-",AE26)+1,99),""))=(AX26))),"")) -> 2 | AG26: 2-0 | AH26: =IF(OR($C26="",AG26=""),"",IFERROR(IF(AND(IFERROR(--LEFT(AG26,FIND("-",AG26)-1),"")=AW26,IFERROR(--MID(AG26,FIND("-",AG26)+1,99),"")=AX26),10,5*(SIGN((IFERROR(--LEFT(AG26,FIND("-",AG26)-1),""))-(IFERROR(--MID(AG26,FIND("-",AG26)+1,99),"")))=SIGN((AW26)-(AX26)))+2*(((IFERROR(--LEFT(AG26,FIND("-",AG26)-1),""))-(IFERROR(--MID(AG26,FIND("-",AG26)+1,99),"")))=((AW26)-(AX26)))+2*((IFERROR(--LEFT(AG26,FIND("-",AG26)-1),""))=(AW26))+2*((IFERROR(--MID(AG26,FIND("-",AG26)+1,99),""))=(AX26))),"")) -> 0 | AI26: 3-1 | AJ26: =IF(OR($C26="",AI26=""),"",IFERROR(IF(AND(IFERROR(--LEFT(AI26,FIND("-",AI26)-1),"")=AW26,IFERROR(--MID(AI26,FIND("-",AI26)+1,99),"")=AX26),10,5*(SIGN((IFERROR(--LEFT(AI26,FIND("-",AI26)-1),""))-(IFERROR(--MID(AI26,FIND("-",AI26)+1,99),"")))=SIGN((AW26)-(AX26)))+2*(((IFERROR(--LEFT(AI26,FIND("-",AI26)-1),""))-(IFERROR(--MID(AI26,FIND("-",AI26)+1,99),"")))=((AW26)-(AX26)))+2*((IFERROR(--LEFT(AI26,FIND("-",AI26)-1),""))=(AW26))+2*((IFERROR(--MID(AI26,FIND("-",AI26)+1,99),""))=(AX26))),"")) -> 2 | AK26: 2-1 | AL26: =IF(OR($C26="",AK26=""),"",IFERROR(IF(AND(IFERROR(--LEFT(AK26,FIND("-",AK26)-1),"")=AW26,IFERROR(--MID(AK26,FIND("-",AK26)+1,99),"")=AX26),10,5*(SIGN((IFERROR(--LEFT(AK26,FIND("-",AK26)-1),""))-(IFERROR(--MID(AK26,FIND("-",AK26)+1,99),"")))=SIGN((AW26)-(AX26)))+2*(((IFERROR(--LEFT(AK26,FIND("-",AK26)-1),""))-(IFERROR(--MID(AK26,FIND("-",AK26)+1,99),"")))=((AW26)-(AX26)))+2*((IFERROR(--LEFT(AK26,FIND("-",AK26)-1),""))=(AW26))+2*((IFERROR(--MID(AK26,FIND("-",AK26)+1,99),""))=(AX26))),"")) -> 2 | AM26: 2-0 | AN26: =IF(OR($C26="",AM26=""),"",IFERROR(IF(AND(IFERROR(--LEFT(AM26,FIND("-",AM26)-1),"")=AW26,IFERROR(--MID(AM26,FIND("-",AM26)+1,99),"")=AX26),10,5*(SIGN((IFERROR(--LEFT(AM26,FIND("-",AM26)-1),""))-(IFERROR(--MID(AM26,FIND("-",AM26)+1,99),"")))=SIGN((AW26)-(AX26)))+2*(((IFERROR(--LEFT(AM26,FIND("-",AM26)-1),""))-(IFERROR(--MID(AM26,FIND("-",AM26)+1,99),"")))=((AW26)-(AX26)))+2*((IFERROR(--LEFT(AM26,FIND("-",AM26)-1),""))=(AW26))+2*((IFERROR(--MID(AM26,FIND("-",AM26)+1,99),""))=(AX26))),"")) -> 0 | AO26: 1-0 | AP26: =IF(OR($C26="",AO26=""),"",IFERROR(IF(AND(IFERROR(--LEFT(AO26,FIND("-",AO26)-1),"")=AW26,IFERROR(--MID(AO26,FIND("-",AO26)+1,99),"")=AX26),10,5*(SIGN((IFERROR(--LEFT(AO26,FIND("-",AO26)-1),""))-(IFERROR(--MID(AO26,FIND("-",AO26)+1,99),"")))=SIGN((AW26)-(AX26)))+2*(((IFERROR(--LEFT(AO26,FIND("-",AO26)-1),""))-(IFERROR(--MID(AO26,FIND("-",AO26)+1,99),"")))=((AW26)-(AX26)))+2*((IFERROR(--LEFT(AO26,FIND("-",AO26)-1),""))=(AW26))+2*((IFERROR(--MID(AO26,FIND("-",AO26)+1,99),""))=(AX26))),"")) -> 2 | AQ26: 3-2 | AR26: =IF(OR($C26="",AQ26=""),"",IFERROR(IF(AND(IFERROR(--LEFT(AQ26,FIND("-",AQ26)-1),"")=AW26,IFERROR(--MID(AQ26,FIND("-",AQ26)+1,99),"")=AX26),10,5*(SIGN((IFERROR(--LEFT(AQ26,FIND("-",AQ26)-1),""))-(IFERROR(--MID(AQ26,FIND("-",AQ26)+1,99),"")))=SIGN((AW26)-(AX26)))+2*(((IFERROR(--LEFT(AQ26,FIND("-",AQ26)-1),""))-(IFERROR(--MID(AQ26,FIND("-",AQ26)+1,99),"")))=((AW26)-(AX26)))+2*((IFERROR(--LEFT(AQ26,FIND("-",AQ26)-1),""))=(AW26))+2*((IFERROR(--MID(AQ26,FIND("-",AQ26)+1,99),""))=(AX26))),"")) -> 0 | AS26: 1-1 | AT26: =IF(OR($C26="",AS26=""),"",IFERROR(IF(AND(IFERROR(--LEFT(AS26,FIND("-",AS26)-1),"")=AW26,IFERROR(--MID(AS26,FIND("-",AS26)+1,99),"")=AX26),10,5*(SIGN((IFERROR(--LEFT(AS26,FIND("-",AS26)-1),""))-(IFERROR(--MID(AS26,FIND("-",AS26)+1,99),"")))=SIGN((AW26)-(AX26)))+2*(((IFERROR(--LEFT(AS26,FIND("-",AS26)-1),""))-(IFERROR(--MID(AS26,FIND("-",AS26)+1,99),"")))=((AW26)-(AX26)))+2*((IFERROR(--LEFT(AS26,FIND("-",AS26)-1),""))=(AW26))+2*((IFERROR(--MID(AS26,FIND("-",AS26)+1,99),""))=(AX26))),"")) -> 10 | AU26: 3-1 | AV26: =IF(OR($C26="",AU26=""),"",IFERROR(IF(AND(IFERROR(--LEFT(AU26,FIND("-",AU26)-1),"")=AW26,IFERROR(--MID(AU26,FIND("-",AU26)+1,99),"")=AX26),10,5*(SIGN((IFERROR(--LEFT(AU26,FIND("-",AU26)-1),""))-(IFERROR(--MID(AU26,FIND("-",AU26)+1,99),"")))=SIGN((AW26)-(AX26)))+2*(((IFERROR(--LEFT(AU26,FIND("-",AU26)-1),""))-(IFERROR(--MID(AU26,FIND("-",AU26)+1,99),"")))=((AW26)-(AX26)))+2*((IFERROR(--LEFT(AU26,FIND("-",AU26)-1),""))=(AW26))+2*((IFERROR(--MID(AU26,FIND("-",AU26)+1,99),""))=(AX26))),"")) -> 2 | AW26: =IF($C26="","",IFERROR(--LEFT($C26,FIND("-",$C26)-1),"")) -> 1 | AX26: =IF($C26="","",IFERROR(--MID($C26,FIND("-",$C26)+1,99),"")) -> 1
AR27: =IF(OR($C27="",AQ27=""),"",IFERROR(IF(AND(IFERROR(--LEFT(AQ27,FIND("-",AQ27)-1),"")=AW27,IFERROR(--MID(AQ27,FIND("-",AQ27)+1,99),"")=AX27),10,5*(SIGN((IFERROR(--LEFT(AQ27,FIND("-",AQ27)-1),""))-(IFERROR(--MID(AQ27,FIND("-",AQ27)+1,99),"")))=SIGN((AW27)-(AX27)))+2*(((IFERROR(--LEFT(AQ27,FIND("-",AQ27)-1),""))-(IFERROR(--MID(AQ27,FIND("-",AQ27)+1,99),"")))=((AW27)-(AX27)))+2*((IFERROR(--LEFT(AQ27,FIND("-",AQ27)-1),""))=(AW27))+2*((IFERROR(--MID(AQ27,FIND("-",AQ27)+1,99),""))=(AX27))),"")) | AT27: =IF(OR($C27="",AS27=""),"",IFERROR(IF(AND(IFERROR(--LEFT(AS27,FIND("-",AS27)-1),"")=AW27,IFERROR(--MID(AS27,FIND("-",AS27)+1,99),"")=AX27),10,5*(SIGN((IFERROR(--LEFT(AS27,FIND("-",AS27)-1),""))-(IFERROR(--MID(AS27,FIND("-",AS27)+1,99),"")))=SIGN((AW27)-(AX27)))+2*(((IFERROR(--LEFT(AS27,FIND("-",AS27)-1),""))-(IFERROR(--MID(AS27,FIND("-",AS27)+1,99),"")))=((AW27)-(AX27)))+2*((IFERROR(--LEFT(AS27,FIND("-",AS27)-1),""))=(AW27))+2*((IFERROR(--MID(AS27,FIND("-",AS27)+1,99),""))=(AX27))),""))
A28: dinsdag 16 juni 2026
A29: 1 | B29: Saoedi-Arabië | C29: 1-1 | D29: Uruguay | E29: 1-2 | F29: =IF(OR($C29="",E29=""),"",IFERROR(IF(AND(IFERROR(--LEFT(E29,FIND("-",E29)-1),"")=AW29,IFERROR(--MID(E29,FIND("-",E29)+1,99),"")=AX29),10,5*(SIGN((IFERROR(--LEFT(E29,FIND("-",E29)-1),""))-(IFERROR(--MID(E29,FIND("-",E29)+1,99),"")))=SIGN((AW29)-(AX29)))+2*(((IFERROR(--LEFT(E29,FIND("-",E29)-1),""))-(IFERROR(--MID(E29,FIND("-",E29)+1,99),"")))=((AW29)-(AX29)))+2*((IFERROR(--LEFT(E29,FIND("-",E29)-1),""))=(AW29))+2*((IFERROR(--MID(E29,FIND("-",E29)+1,99),""))=(AX29))),"")) -> 2 | G29: 3-2 | H29: =IF(OR($C29="",G29=""),"",IFERROR(IF(AND(IFERROR(--LEFT(G29,FIND("-",G29)-1),"")=AW29,IFERROR(--MID(G29,FIND("-",G29)+1,99),"")=AX29),10,5*(SIGN((IFERROR(--LEFT(G29,FIND("-",G29)-1),""))-(IFERROR(--MID(G29,FIND("-",G29)+1,99),"")))=SIGN((AW29)-(AX29)))+2*(((IFERROR(--LEFT(G29,FIND("-",G29)-1),""))-(IFERROR(--MID(G29,FIND("-",G29)+1,99),"")))=((AW29)-(AX29)))+2*((IFERROR(--LEFT(G29,FIND("-",G29)-1),""))=(AW29))+2*((IFERROR(--MID(G29,FIND("-",G29)+1,99),""))=(AX29))),"")) -> 0 | I29: 0-2 | J29: =IF(OR($C29="",I29=""),"",IFERROR(IF(AND(IFERROR(--LEFT(I29,FIND("-",I29)-1),"")=AW29,IFERROR(--MID(I29,FIND("-",I29)+1,99),"")=AX29),10,5*(SIGN((IFERROR(--LEFT(I29,FIND("-",I29)-1),""))-(IFERROR(--MID(I29,FIND("-",I29)+1,99),"")))=SIGN((AW29)-(AX29)))+2*(((IFERROR(--LEFT(I29,FIND("-",I29)-1),""))-(IFERROR(--MID(I29,FIND("-",I29)+1,99),"")))=((AW29)-(AX29)))+2*((IFERROR(--LEFT(I29,FIND("-",I29)-1),""))=(AW29))+2*((IFERROR(--MID(I29,FIND("-",I29)+1,99),""))=(AX29))),"")) -> 0 | K29: 0-4 | L29: =IF(OR($C29="",K29=""),"",IFERROR(IF(AND(IFERROR(--LEFT(K29,FIND("-",K29)-1),"")=AW29,IFERROR(--MID(K29,FIND("-",K29)+1,99),"")=AX29),10,5*(SIGN((IFERROR(--LEFT(K29,FIND("-",K29)-1),""))-(IFERROR(--MID(K29,FIND("-",K29)+1,99),"")))=SIGN((AW29)-(AX29)))+2*(((IFERROR(--LEFT(K29,FIND("-",K29)-1),""))-(IFERROR(--MID(K29,FIND("-",K29)+1,99),"")))=((AW29)-(AX29)))+2*((IFERROR(--LEFT(K29,FIND("-",K29)-1),""))=(AW29))+2*((IFERROR(--MID(K29,FIND("-",K29)+1,99),""))=(AX29))),"")) -> 0 | M29: 0-2 | N29: =IF(OR($C29="",M29=""),"",IFERROR(IF(AND(IFERROR(--LEFT(M29,FIND("-",M29)-1),"")=AW29,IFERROR(--MID(M29,FIND("-",M29)+1,99),"")=AX29),10,5*(SIGN((IFERROR(--LEFT(M29,FIND("-",M29)-1),""))-(IFERROR(--MID(M29,FIND("-",M29)+1,99),"")))=SIGN((AW29)-(AX29)))+2*(((IFERROR(--LEFT(M29,FIND("-",M29)-1),""))-(IFERROR(--MID(M29,FIND("-",M29)+1,99),"")))=((AW29)-(AX29)))+2*((IFERROR(--LEFT(M29,FIND("-",M29)-1),""))=(AW29))+2*((IFERROR(--MID(M29,FIND("-",M29)+1,99),""))=(AX29))),"")) -> 0 | O29: 1-3 | P29: =IF(OR($C29="",O29=""),"",IFERROR(IF(AND(IFERROR(--LEFT(O29,FIND("-",O29)-1),"")=AW29,IFERROR(--MID(O29,FIND("-",O29)+1,99),"")=AX29),10,5*(SIGN((IFERROR(--LEFT(O29,FIND("-",O29)-1),""))-(IFERROR(--MID(O29,FIND("-",O29)+1,99),"")))=SIGN((AW29)-(AX29)))+2*(((IFERROR(--LEFT(O29,FIND("-",O29)-1),""))-(IFERROR(--MID(O29,FIND("-",O29)+1,99),"")))=((AW29)-(AX29)))+2*((IFERROR(--LEFT(O29,FIND("-",O29)-1),""))=(AW29))+2*((IFERROR(--MID(O29,FIND("-",O29)+1,99),""))=(AX29))),"")) -> 2 | Q29: 0-0 | R29: =IF(OR($C29="",Q29=""),"",IFERROR(IF(AND(IFERROR(--LEFT(Q29,FIND("-",Q29)-1),"")=AW29,IFERROR(--MID(Q29,FIND("-",Q29)+1,99),"")=AX29),10,5*(SIGN((IFERROR(--LEFT(Q29,FIND("-",Q29)-1),""))-(IFERROR(--MID(Q29,FIND("-",Q29)+1,99),"")))=SIGN((AW29)-(AX29)))+2*(((IFERROR(--LEFT(Q29,FIND("-",Q29)-1),""))-(IFERROR(--MID(Q29,FIND("-",Q29)+1,99),"")))=((AW29)-(AX29)))+2*((IFERROR(--LEFT(Q29,FIND("-",Q29)-1),""))=(AW29))+2*((IFERROR(--MID(Q29,FIND("-",Q29)+1,99),""))=(AX29))),"")) -> 7 | S29: 1-1 | T29: =IF(OR($C29="",S29=""),"",IFERROR(IF(AND(IFERROR(--LEFT(S29,FIND("-",S29)-1),"")=AW29,IFERROR(--MID(S29,FIND("-",S29)+1,99),"")=AX29),10,5*(SIGN((IFERROR(--LEFT(S29,FIND("-",S29)-1),""))-(IFERROR(--MID(S29,FIND("-",S29)+1,99),"")))=SIGN((AW29)-(AX29)))+2*(((IFERROR(--LEFT(S29,FIND("-",S29)-1),""))-(IFERROR(--MID(S29,FIND("-",S29)+1,99),"")))=((AW29)-(AX29)))+2*((IFERROR(--LEFT(S29,FIND("-",S29)-1),""))=(AW29))+2*((IFERROR(--MID(S29,FIND("-",S29)+1,99),""))=(AX29))),"")) -> 10 | U29: 0-2 | V29: =IF(OR($C29="",U29=""),"",IFERROR(IF(AND(IFERROR(--LEFT(U29,FIND("-",U29)-1),"")=AW29,IFERROR(--MID(U29,FIND("-",U29)+1,99),"")=AX29),10,5*(SIGN((IFERROR(--LEFT(U29,FIND("-",U29)-1),""))-(IFERROR(--MID(U29,FIND("-",U29)+1,99),"")))=SIGN((AW29)-(AX29)))+2*(((IFERROR(--LEFT(U29,FIND("-",U29)-1),""))-(IFERROR(--MID(U29,FIND("-",U29)+1,99),"")))=((AW29)-(AX29)))+2*((IFERROR(--LEFT(U29,FIND("-",U29)-1),""))=(AW29))+2*((IFERROR(--MID(U29,FIND("-",U29)+1,99),""))=(AX29))),"")) -> 0 | W29: 0-2 | X29: =IF(OR($C29="",W29=""),"",IFERROR(IF(AND(IFERROR(--LEFT(W29,FIND("-",W29)-1),"")=AW29,IFERROR(--MID(W29,FIND("-",W29)+1,99),"")=AX29),10,5*(SIGN((IFERROR(--LEFT(W29,FIND("-",W29)-1),""))-(IFERROR(--MID(W29,FIND("-",W29)+1,99),"")))=SIGN((AW29)-(AX29)))+2*(((IFERROR(--LEFT(W29,FIND("-",W29)-1),""))-(IFERROR(--MID(W29,FIND("-",W29)+1,99),"")))=((AW29)-(AX29)))+2*((IFERROR(--LEFT(W29,FIND("-",W29)-1),""))=(AW29))+2*((IFERROR(--MID(W29,FIND("-",W29)+1,99),""))=(AX29))),"")) -> 0 | Y29: 0-2 | Z29: =IF(OR($C29="",Y29=""),"",IFERROR(IF(AND(IFERROR(--LEFT(Y29,FIND("-",Y29)-1),"")=AW29,IFERROR(--MID(Y29,FIND("-",Y29)+1,99),"")=AX29),10,5*(SIGN((IFERROR(--LEFT(Y29,FIND("-",Y29)-1),""))-(IFERROR(--MID(Y29,FIND("-",Y29)+1,99),"")))=SIGN((AW29)-(AX29)))+2*(((IFERROR(--LEFT(Y29,FIND("-",Y29)-1),""))-(IFERROR(--MID(Y29,FIND("-",Y29)+1,99),"")))=((AW29)-(AX29)))+2*((IFERROR(--LEFT(Y29,FIND("-",Y29)-1),""))=(AW29))+2*((IFERROR(--MID(Y29,FIND("-",Y29)+1,99),""))=(AX29))),"")) -> 0 | AA29: 1-2 | AB29: =IF(OR($C29="",AA29=""),"",IFERROR(IF(AND(IFERROR(--LEFT(AA29,FIND("-",AA29)-1),"")=AW29,IFERROR(--MID(AA29,FIND("-",AA29)+1,99),"")=AX29),10,5*(SIGN((IFERROR(--LEFT(AA29,FIND("-",AA29)-1),""))-(IFERROR(--MID(AA29,FIND("-",AA29)+1,99),"")))=SIGN((AW29)-(AX29)))+2*(((IFERROR(--LEFT(AA29,FIND("-",AA29)-1),""))-(IFERROR(--MID(AA29,FIND("-",AA29)+1,99),"")))=((AW29)-(AX29)))+2*((IFERROR(--LEFT(AA29,FIND("-",AA29)-1),""))=(AW29))+2*((IFERROR(--MID(AA29,FIND("-",AA29)+1,99),""))=(AX29))),"")) -> 2 | AC29: 0-3 | AD29: =IF(OR($C29="",AC29=""),"",IFERROR(IF(AND(IFERROR(--LEFT(AC29,FIND("-",AC29)-1),"")=AW29,IFERROR(--MID(AC29,FIND("-",AC29)+1,99),"")=AX29),10,5*(SIGN((IFERROR(--LEFT(AC29,FIND("-",AC29)-1),""))-(IFERROR(--MID(AC29,FIND("-",AC29)+1,99),"")))=SIGN((AW29)-(AX29)))+2*(((IFERROR(--LEFT(AC29,FIND("-",AC29)-1),""))-(IFERROR(--MID(AC29,FIND("-",AC29)+1,99),"")))=((AW29)-(AX29)))+2*((IFERROR(--LEFT(AC29,FIND("-",AC29)-1),""))=(AW29))+2*((IFERROR(--MID(AC29,FIND("-",AC29)+1,99),""))=(AX29))),"")) -> 0 | AE29: 0-2 | AF29: =IF(OR($C29="",AE29=""),"",IFERROR(IF(AND(IFERROR(--LEFT(AE29,FIND("-",AE29)-1),"")=AW29,IFERROR(--MID(AE29,FIND("-",AE29)+1,99),"")=AX29),10,5*(SIGN((IFERROR(--LEFT(AE29,FIND("-",AE29)-1),""))-(IFERROR(--MID(AE29,FIND("-",AE29)+1,99),"")))=SIGN((AW29)-(AX29)))+2*(((IFERROR(--LEFT(AE29,FIND("-",AE29)-1),""))-(IFERROR(--MID(AE29,FIND("-",AE29)+1,99),"")))=((AW29)-(AX29)))+2*((IFERROR(--LEFT(AE29,FIND("-",AE29)-1),""))=(AW29))+2*((IFERROR(--MID(AE29,FIND("-",AE29)+1,99),""))=(AX29))),"")) -> 0 | AG29: 1-2 | AH29: =IF(OR($C29="",AG29=""),"",IFERROR(IF(AND(IFERROR(--LEFT(AG29,FIND("-",AG29)-1),"")=AW29,IFERROR(--MID(AG29,FIND("-",AG29)+1,99),"")=AX29),10,5*(SIGN((IFERROR(--LEFT(AG29,FIND("-",AG29)-1),""))-(IFERROR(--MID(AG29,FIND("-",AG29)+1,99),"")))=SIGN((AW29)-(AX29)))+2*(((IFERROR(--LEFT(AG29,FIND("-",AG29)-1),""))-(IFERROR(--MID(AG29,FIND("-",AG29)+1,99),"")))=((AW29)-(AX29)))+2*((IFERROR(--LEFT(AG29,FIND("-",AG29)-1),""))=(AW29))+2*((IFERROR(--MID(AG29,FIND("-",AG29)+1,99),""))=(AX29))),"")) -> 2 | AI29: 0-2 | AJ29: =IF(OR($C29="",AI29=""),"",IFERROR(IF(AND(IFERROR(--LEFT(AI29,FIND("-",AI29)-1),"")=AW29,IFERROR(--MID(AI29,FIND("-",AI29)+1,99),"")=AX29),10,5*(SIGN((IFERROR(--LEFT(AI29,FIND("-",AI29)-1),""))-(IFERROR(--MID(AI29,FIND("-",AI29)+1,99),"")))=SIGN((AW29)-(AX29)))+2*(((IFERROR(--LEFT(AI29,FIND("-",AI29)-1),""))-(IFERROR(--MID(AI29,FIND("-",AI29)+1,99),"")))=((AW29)-(AX29)))+2*((IFERROR(--LEFT(AI29,FIND("-",AI29)-1),""))=(AW29))+2*((IFERROR(--MID(AI29,FIND("-",AI29)+1,99),""))=(AX29))),"")) -> 0 | AK29: 0-2 | AL29: =IF(OR($C29="",AK29=""),"",IFERROR(IF(AND(IFERROR(--LEFT(AK29,FIND("-",AK29)-1),"")=AW29,IFERROR(--MID(AK29,FIND("-",AK29)+1,99),"")=AX29),10,5*(SIGN((IFERROR(--LEFT(AK29,FIND("-",AK29)-1),""))-(IFERROR(--MID(AK29,FIND("-",AK29)+1,99),"")))=SIGN((AW29)-(AX29)))+2*(((IFERROR(--LEFT(AK29,FIND("-",AK29)-1),""))-(IFERROR(--MID(AK29,FIND("-",AK29)+1,99),"")))=((AW29)-(AX29)))+2*((IFERROR(--LEFT(AK29,FIND("-",AK29)-1),""))=(AW29))+2*((IFERROR(--MID(AK29,FIND("-",AK29)+1,99),""))=(AX29))),"")) -> 0 | AM29: 0-1 | AN29: =IF(OR($C29="",AM29=""),"",IFERROR(IF(AND(IFERROR(--LEFT(AM29,FIND("-",AM29)-1),"")=AW29,IFERROR(--MID(AM29,FIND("-",AM29)+1,99),"")=AX29),10,5*(SIGN((IFERROR(--LEFT(AM29,FIND("-",AM29)-1),""))-(IFERROR(--MID(AM29,FIND("-",AM29)+1,99),"")))=SIGN((AW29)-(AX29)))+2*(((IFERROR(--LEFT(AM29,FIND("-",AM29)-1),""))-(IFERROR(--MID(AM29,FIND("-",AM29)+1,99),"")))=((AW29)-(AX29)))+2*((IFERROR(--LEFT(AM29,FIND("-",AM29)-1),""))=(AW29))+2*((IFERROR(--MID(AM29,FIND("-",AM29)+1,99),""))=(AX29))),"")) -> 2 | AO29: 0-3 | AP29: =IF(OR($C29="",AO29=""),"",IFERROR(IF(AND(IFERROR(--LEFT(AO29,FIND("-",AO29)-1),"")=AW29,IFERROR(--MID(AO29,FIND("-",AO29)+1,99),"")=AX29),10,5*(SIGN((IFERROR(--LEFT(AO29,FIND("-",AO29)-1),""))-(IFERROR(--MID(AO29,FIND("-",AO29)+1,99),"")))=SIGN((AW29)-(AX29)))+2*(((IFERROR(--LEFT(AO29,FIND("-",AO29)-1),""))-(IFERROR(--MID(AO29,FIND("-",AO29)+1,99),"")))=((AW29)-(AX29)))+2*((IFERROR(--LEFT(AO29,FIND("-",AO29)-1),""))=(AW29))+2*((IFERROR(--MID(AO29,FIND("-",AO29)+1,99),""))=(AX29))),"")) -> 0 | AQ29: 1-2 | AR29: =IF(OR($C29="",AQ29=""),"",IFERROR(IF(AND(IFERROR(--LEFT(AQ29,FIND("-",AQ29)-1),"")=AW29,IFERROR(--MID(AQ29,FIND("-",AQ29)+1,99),"")=AX29),10,5*(SIGN((IFERROR(--LEFT(AQ29,FIND("-",AQ29)-1),""))-(IFERROR(--MID(AQ29,FIND("-",AQ29)+1,99),"")))=SIGN((AW29)-(AX29)))+2*(((IFERROR(--LEFT(AQ29,FIND("-",AQ29)-1),""))-(IFERROR(--MID(AQ29,FIND("-",AQ29)+1,99),"")))=((AW29)-(AX29)))+2*((IFERROR(--LEFT(AQ29,FIND("-",AQ29)-1),""))=(AW29))+2*((IFERROR(--MID(AQ29,FIND("-",AQ29)+1,99),""))=(AX29))),"")) -> 2 | AS29: 1-3 | AT29: =IF(OR($C29="",AS29=""),"",IFERROR(IF(AND(IFERROR(--LEFT(AS29,FIND("-",AS29)-1),"")=AW29,IFERROR(--MID(AS29,FIND("-",AS29)+1,99),"")=AX29),10,5*(SIGN((IFERROR(--LEFT(AS29,FIND("-",AS29)-1),""))-(IFERROR(--MID(AS29,FIND("-",AS29)+1,99),"")))=SIGN((AW29)-(AX29)))+2*(((IFERROR(--LEFT(AS29,FIND("-",AS29)-1),""))-(IFERROR(--MID(AS29,FIND("-",AS29)+1,99),"")))=((AW29)-(AX29)))+2*((IFERROR(--LEFT(AS29,FIND("-",AS29)-1),""))=(AW29))+2*((IFERROR(--MID(AS29,FIND("-",AS29)+1,99),""))=(AX29))),"")) -> 2 | AU29: 2-3 | AV29: =IF(OR($C29="",AU29=""),"",IFERROR(IF(AND(IFERROR(--LEFT(AU29,FIND("-",AU29)-1),"")=AW29,IFERROR(--MID(AU29,FIND("-",AU29)+1,99),"")=AX29),10,5*(SIGN((IFERROR(--LEFT(AU29,FIND("-",AU29)-1),""))-(IFERROR(--MID(AU29,FIND("-",AU29)+1,99),"")))=SIGN((AW29)-(AX29)))+2*(((IFERROR(--LEFT(AU29,FIND("-",AU29)-1),""))-(IFERROR(--MID(AU29,FIND("-",AU29)+1,99),"")))=((AW29)-(AX29)))+2*((IFERROR(--LEFT(AU29,FIND("-",AU29)-1),""))=(AW29))+2*((IFERROR(--MID(AU29,FIND("-",AU29)+1,99),""))=(AX29))),"")) -> 0 | AW29: =IF($C29="","",IFERROR(--LEFT($C29,FIND("-",$C29)-1),"")) -> 1 | AX29: =IF($C29="","",IFERROR(--MID($C29,FIND("-",$C29)+1,99),"")) -> 1
A30: 1.125 | B30: Iran | C30: 2-2 | D30: Nieuw-Zeeland | E30: 1-0 | F30: =IF(OR($C30="",E30=""),"",IFERROR(IF(AND(IFERROR(--LEFT(E30,FIND("-",E30)-1),"")=AW30,IFERROR(--MID(E30,FIND("-",E30)+1,99),"")=AX30),10,5*(SIGN((IFERROR(--LEFT(E30,FIND("-",E30)-1),""))-(IFERROR(--MID(E30,FIND("-",E30)+1,99),"")))=SIGN((AW30)-(AX30)))+2*(((IFERROR(--LEFT(E30,FIND("-",E30)-1),""))-(IFERROR(--MID(E30,FIND("-",E30)+1,99),"")))=((AW30)-(AX30)))+2*((IFERROR(--LEFT(E30,FIND("-",E30)-1),""))=(AW30))+2*((IFERROR(--MID(E30,FIND("-",E30)+1,99),""))=(AX30))),"")) -> 0 | G30: 1-1 | H30: =IF(OR($C30="",G30=""),"",IFERROR(IF(AND(IFERROR(--LEFT(G30,FIND("-",G30)-1),"")=AW30,IFERROR(--MID(G30,FIND("-",G30)+1,99),"")=AX30),10,5*(SIGN((IFERROR(--LEFT(G30,FIND("-",G30)-1),""))-(IFERROR(--MID(G30,FIND("-",G30)+1,99),"")))=SIGN((AW30)-(AX30)))+2*(((IFERROR(--LEFT(G30,FIND("-",G30)-1),""))-(IFERROR(--MID(G30,FIND("-",G30)+1,99),"")))=((AW30)-(AX30)))+2*((IFERROR(--LEFT(G30,FIND("-",G30)-1),""))=(AW30))+2*((IFERROR(--MID(G30,FIND("-",G30)+1,99),""))=(AX30))),"")) -> 7 | I30: 2-0 | J30: =IF(OR($C30="",I30=""),"",IFERROR(IF(AND(IFERROR(--LEFT(I30,FIND("-",I30)-1),"")=AW30,IFERROR(--MID(I30,FIND("-",I30)+1,99),"")=AX30),10,5*(SIGN((IFERROR(--LEFT(I30,FIND("-",I30)-1),""))-(IFERROR(--MID(I30,FIND("-",I30)+1,99),"")))=SIGN((AW30)-(AX30)))+2*(((IFERROR(--LEFT(I30,FIND("-",I30)-1),""))-(IFERROR(--MID(I30,FIND("-",I30)+1,99),"")))=((AW30)-(AX30)))+2*((IFERROR(--LEFT(I30,FIND("-",I30)-1),""))=(AW30))+2*((IFERROR(--MID(I30,FIND("-",I30)+1,99),""))=(AX30))),"")) -> 2 | K30: 0-1 | L30: =IF(OR($C30="",K30=""),"",IFERROR(IF(AND(IFERROR(--LEFT(K30,FIND("-",K30)-1),"")=AW30,IFERROR(--MID(K30,FIND("-",K30)+1,99),"")=AX30),10,5*(SIGN((IFERROR(--LEFT(K30,FIND("-",K30)-1),""))-(IFERROR(--MID(K30,FIND("-",K30)+1,99),"")))=SIGN((AW30)-(AX30)))+2*(((IFERROR(--LEFT(K30,FIND("-",K30)-1),""))-(IFERROR(--MID(K30,FIND("-",K30)+1,99),"")))=((AW30)-(AX30)))+2*((IFERROR(--LEFT(K30,FIND("-",K30)-1),""))=(AW30))+2*((IFERROR(--MID(K30,FIND("-",K30)+1,99),""))=(AX30))),"")) -> 0 | M30: 2-2 | N30: =IF(OR($C30="",M30=""),"",IFERROR(IF(AND(IFERROR(--LEFT(M30,FIND("-",M30)-1),"")=AW30,IFERROR(--MID(M30,FIND("-",M30)+1,99),"")=AX30),10,5*(SIGN((IFERROR(--LEFT(M30,FIND("-",M30)-1),""))-(IFERROR(--MID(M30,FIND("-",M30)+1,99),"")))=SIGN((AW30)-(AX30)))+2*(((IFERROR(--LEFT(M30,FIND("-",M30)-1),""))-(IFERROR(--MID(M30,FIND("-",M30)+1,99),"")))=((AW30)-(AX30)))+2*((IFERROR(--LEFT(M30,FIND("-",M30)-1),""))=(AW30))+2*((IFERROR(--MID(M30,FIND("-",M30)+1,99),""))=(AX30))),"")) -> 10 | O30: 0-0 | P30: =IF(OR($C30="",O30=""),"",IFERROR(IF(AND(IFERROR(--LEFT(O30,FIND("-",O30)-1),"")=AW30,IFERROR(--MID(O30,FIND("-",O30)+1,99),"")=AX30),10,5*(SIGN((IFERROR(--LEFT(O30,FIND("-",O30)-1),""))-(IFERROR(--MID(O30,FIND("-",O30)+1,99),"")))=SIGN((AW30)-(AX30)))+2*(((IFERROR(--LEFT(O30,FIND("-",O30)-1),""))-(IFERROR(--MID(O30,FIND("-",O30)+1,99),"")))=((AW30)-(AX30)))+2*((IFERROR(--LEFT(O30,FIND("-",O30)-1),""))=(AW30))+2*((IFERROR(--MID(O30,FIND("-",O30)+1,99),""))=(AX30))),"")) -> 7 | Q30: 0-1 | R30: =IF(OR($C30="",Q30=""),"",IFERROR(IF(AND(IFERROR(--LEFT(Q30,FIND("-",Q30)-1),"")=AW30,IFERROR(--MID(Q30,FIND("-",Q30)+1,99),"")=AX30),10,5*(SIGN((IFERROR(--LEFT(Q30,FIND("-",Q30)-1),""))-(IFERROR(--MID(Q30,FIND("-",Q30)+1,99),"")))=SIGN((AW30)-(AX30)))+2*(((IFERROR(--LEFT(Q30,FIND("-",Q30)-1),""))-(IFERROR(--MID(Q30,FIND("-",Q30)+1,99),"")))=((AW30)-(AX30)))+2*((IFERROR(--LEFT(Q30,FIND("-",Q30)-1),""))=(AW30))+2*((IFERROR(--MID(Q30,FIND("-",Q30)+1,99),""))=(AX30))),"")) -> 0 | S30: 2-1 | T30: =IF(OR($C30="",S30=""),"",IFERROR(IF(AND(IFERROR(--LEFT(S30,FIND("-",S30)-1),"")=AW30,IFERROR(--MID(S30,FIND("-",S30)+1,99),"")=AX30),10,5*(SIGN((IFERROR(--LEFT(S30,FIND("-",S30)-1),""))-(IFERROR(--MID(S30,FIND("-",S30)+1,99),"")))=SIGN((AW30)-(AX30)))+2*(((IFERROR(--LEFT(S30,FIND("-",S30)-1),""))-(IFERROR(--MID(S30,FIND("-",S30)+1,99),"")))=((AW30)-(AX30)))+2*((IFERROR(--LEFT(S30,FIND("-",S30)-1),""))=(AW30))+2*((IFERROR(--MID(S30,FIND("-",S30)+1,99),""))=(AX30))),"")) -> 2 | U30: 1-0 | V30: =IF(OR($C30="",U30=""),"",IFERROR(IF(AND(IFERROR(--LEFT(U30,FIND("-",U30)-1),"")=AW30,IFERROR(--MID(U30,FIND("-",U30)+1,99),"")=AX30),10,5*(SIGN((IFERROR(--LEFT(U30,FIND("-",U30)-1),""))-(IFERROR(--MID(U30,FIND("-",U30)+1,99),"")))=SIGN((AW30)-(AX30)))+2*(((IFERROR(--LEFT(U30,FIND("-",U30)-1),""))-(IFERROR(--MID(U30,FIND("-",U30)+1,99),"")))=((AW30)-(AX30)))+2*((IFERROR(--LEFT(U30,FIND("-",U30)-1),""))=(AW30))+2*((IFERROR(--MID(U30,FIND("-",U30)+1,99),""))=(AX30))),"")) -> 0 | W30: 1-0 | X30: =IF(OR($C30="",W30=""),"",IFERROR(IF(AND(IFERROR(--LEFT(W30,FIND("-",W30)-1),"")=AW30,IFERROR(--MID(W30,FIND("-",W30)+1,99),"")=AX30),10,5*(SIGN((IFERROR(--LEFT(W30,FIND("-",W30)-1),""))-(IFERROR(--MID(W30,FIND("-",W30)+1,99),"")))=SIGN((AW30)-(AX30)))+2*(((IFERROR(--LEFT(W30,FIND("-",W30)-1),""))-(IFERROR(--MID(W30,FIND("-",W30)+1,99),"")))=((AW30)-(AX30)))+2*((IFERROR(--LEFT(W30,FIND("-",W30)-1),""))=(AW30))+2*((IFERROR(--MID(W30,FIND("-",W30)+1,99),""))=(AX30))),"")) -> 0 | Y30: 2-0 | Z30: =IF(OR($C30="",Y30=""),"",IFERROR(IF(AND(IFERROR(--LEFT(Y30,FIND("-",Y30)-1),"")=AW30,IFERROR(--MID(Y30,FIND("-",Y30)+1,99),"")=AX30),10,5*(SIGN((IFERROR(--LEFT(Y30,FIND("-",Y30)-1),""))-(IFERROR(--MID(Y30,FIND("-",Y30)+1,99),"")))=SIGN((AW30)-(AX30)))+2*(((IFERROR(--LEFT(Y30,FIND("-",Y30)-1),""))-(IFERROR(--MID(Y30,FIND("-",Y30)+1,99),"")))=((AW30)-(AX30)))+2*((IFERROR(--LEFT(Y30,FIND("-",Y30)-1),""))=(AW30))+2*((IFERROR(--MID(Y30,FIND("-",Y30)+1,99),""))=(AX30))),"")) -> 2 | AA30: 2-0 | AB30: =IF(OR($C30="",AA30=""),"",IFERROR(IF(AND(IFERROR(--LEFT(AA30,FIND("-",AA30)-1),"")=AW30,IFERROR(--MID(AA30,FIND("-",AA30)+1,99),"")=AX30),10,5*(SIGN((IFERROR(--LEFT(AA30,FIND("-",AA30)-1),""))-(IFERROR(--MID(AA30,FIND("-",AA30)+1,99),"")))=SIGN((AW30)-(AX30)))+2*(((IFERROR(--LEFT(AA30,FIND("-",AA30)-1),""))-(IFERROR(--MID(AA30,FIND("-",AA30)+1,99),"")))=((AW30)-(AX30)))+2*((IFERROR(--LEFT(AA30,FIND("-",AA30)-1),""))=(AW30))+2*((IFERROR(--MID(AA30,FIND("-",AA30)+1,99),""))=(AX30))),"")) -> 2 | AC30: 3-1 | AD30: =IF(OR($C30="",AC30=""),"",IFERROR(IF(AND(IFERROR(--LEFT(AC30,FIND("-",AC30)-1),"")=AW30,IFERROR(--MID(AC30,FIND("-",AC30)+1,99),"")=AX30),10,5*(SIGN((IFERROR(--LEFT(AC30,FIND("-",AC30)-1),""))-(IFERROR(--MID(AC30,FIND("-",AC30)+1,99),"")))=SIGN((AW30)-(AX30)))+2*(((IFERROR(--LEFT(AC30,FIND("-",AC30)-1),""))-(IFERROR(--MID(AC30,FIND("-",AC30)+1,99),"")))=((AW30)-(AX30)))+2*((IFERROR(--LEFT(AC30,FIND("-",AC30)-1),""))=(AW30))+2*((IFERROR(--MID(AC30,FIND("-",AC30)+1,99),""))=(AX30))),"")) -> 0 | AE30: 2-0 | AF30: =IF(OR($C30="",AE30=""),"",IFERROR(IF(AND(IFERROR(--LEFT(AE30,FIND("-",AE30)-1),"")=AW30,IFERROR(--MID(AE30,FIND("-",AE30)+1,99),"")=AX30),10,5*(SIGN((IFERROR(--LEFT(AE30,FIND("-",AE30)-1),""))-(IFERROR(--MID(AE30,FIND("-",AE30)+1,99),"")))=SIGN((AW30)-(AX30)))+2*(((IFERROR(--LEFT(AE30,FIND("-",AE30)-1),""))-(IFERROR(--MID(AE30,FIND("-",AE30)+1,99),"")))=((AW30)-(AX30)))+2*((IFERROR(--LEFT(AE30,FIND("-",AE30)-1),""))=(AW30))+2*((IFERROR(--MID(AE30,FIND("-",AE30)+1,99),""))=(AX30))),"")) -> 2 | AG30: 2-1 | AH30: =IF(OR($C30="",AG30=""),"",IFERROR(IF(AND(IFERROR(--LEFT(AG30,FIND("-",AG30)-1),"")=AW30,IFERROR(--MID(AG30,FIND("-",AG30)+1,99),"")=AX30),10,5*(SIGN((IFERROR(--LEFT(AG30,FIND("-",AG30)-1),""))-(IFERROR(--MID(AG30,FIND("-",AG30)+1,99),"")))=SIGN((AW30)-(AX30)))+2*(((IFERROR(--LEFT(AG30,FIND("-",AG30)-1),""))-(IFERROR(--MID(AG30,FIND("-",AG30)+1,99),"")))=((AW30)-(AX30)))+2*((IFERROR(--LEFT(AG30,FIND("-",AG30)-1),""))=(AW30))+2*((IFERROR(--MID(AG30,FIND("-",AG30)+1,99),""))=(AX30))),"")) -> 2 | AI30: 1-1 | AJ30: =IF(OR($C30="",AI30=""),"",IFERROR(IF(AND(IFERROR(--LEFT(AI30,FIND("-",AI30)-1),"")=AW30,IFERROR(--MID(AI30,FIND("-",AI30)+1,99),"")=AX30),10,5*(SIGN((IFERROR(--LEFT(AI30,FIND("-",AI30)-1),""))-(IFERROR(--MID(AI30,FIND("-",AI30)+1,99),"")))=SIGN((AW30)-(AX30)))+2*(((IFERROR(--LEFT(AI30,FIND("-",AI30)-1),""))-(IFERROR(--MID(AI30,FIND("-",AI30)+1,99),"")))=((AW30)-(AX30)))+2*((IFERROR(--LEFT(AI30,FIND("-",AI30)-1),""))=(AW30))+2*((IFERROR(--MID(AI30,FIND("-",AI30)+1,99),""))=(AX30))),"")) -> 7 | AK30: 2-0 | AL30: =IF(OR($C30="",AK30=""),"",IFERROR(IF(AND(IFERROR(--LEFT(AK30,FIND("-",AK30)-1),"")=AW30,IFERROR(--MID(AK30,FIND("-",AK30)+1,99),"")=AX30),10,5*(SIGN((IFERROR(--LEFT(AK30,FIND("-",AK30)-1),""))-(IFERROR(--MID(AK30,FIND("-",AK30)+1,99),"")))=SIGN((AW30)-(AX30)))+2*(((IFERROR(--LEFT(AK30,FIND("-",AK30)-1),""))-(IFERROR(--MID(AK30,FIND("-",AK30)+1,99),"")))=((AW30)-(AX30)))+2*((IFERROR(--LEFT(AK30,FIND("-",AK30)-1),""))=(AW30))+2*((IFERROR(--MID(AK30,FIND("-",AK30)+1,99),""))=(AX30))),"")) -> 2 | AM30: 2-1 | AN30: =IF(OR($C30="",AM30=""),"",IFERROR(IF(AND(IFERROR(--LEFT(AM30,FIND("-",AM30)-1),"")=AW30,IFERROR(--MID(AM30,FIND("-",AM30)+1,99),"")=AX30),10,5*(SIGN((IFERROR(--LEFT(AM30,FIND("-",AM30)-1),""))-(IFERROR(--MID(AM30,FIND("-",AM30)+1,99),"")))=SIGN((AW30)-(AX30)))+2*(((IFERROR(--LEFT(AM30,FIND("-",AM30)-1),""))-(IFERROR(--MID(AM30,FIND("-",AM30)+1,99),"")))=((AW30)-(AX30)))+2*((IFERROR(--LEFT(AM30,FIND("-",AM30)-1),""))=(AW30))+2*((IFERROR(--MID(AM30,FIND("-",AM30)+1,99),""))=(AX30))),"")) -> 2 | AO30: 2-0 | AP30: =IF(OR($C30="",AO30=""),"",IFERROR(IF(AND(IFERROR(--LEFT(AO30,FIND("-",AO30)-1),"")=AW30,IFERROR(--MID(AO30,FIND("-",AO30)+1,99),"")=AX30),10,5*(SIGN((IFERROR(--LEFT(AO30,FIND("-",AO30)-1),""))-(IFERROR(--MID(AO30,FIND("-",AO30)+1,99),"")))=SIGN((AW30)-(AX30)))+2*(((IFERROR(--LEFT(AO30,FIND("-",AO30)-1),""))-(IFERROR(--MID(AO30,FIND("-",AO30)+1,99),"")))=((AW30)-(AX30)))+2*((IFERROR(--LEFT(AO30,FIND("-",AO30)-1),""))=(AW30))+2*((IFERROR(--MID(AO30,FIND("-",AO30)+1,99),""))=(AX30))),"")) -> 2 | AQ30: 1-3 | AR30: =IF(OR($C30="",AQ30=""),"",IFERROR(IF(AND(IFERROR(--LEFT(AQ30,FIND("-",AQ30)-1),"")=AW30,IFERROR(--MID(AQ30,FIND("-",AQ30)+1,99),"")=AX30),10,5*(SIGN((IFERROR(--LEFT(AQ30,FIND("-",AQ30)-1),""))-(IFERROR(--MID(AQ30,FIND("-",AQ30)+1,99),"")))=SIGN((AW30)-(AX30)))+2*(((IFERROR(--LEFT(AQ30,FIND("-",AQ30)-1),""))-(IFERROR(--MID(AQ30,FIND("-",AQ30)+1,99),"")))=((AW30)-(AX30)))+2*((IFERROR(--LEFT(AQ30,FIND("-",AQ30)-1),""))=(AW30))+2*((IFERROR(--MID(AQ30,FIND("-",AQ30)+1,99),""))=(AX30))),"")) -> 0 | AS30: 1-1 | AT30: =IF(OR($C30="",AS30=""),"",IFERROR(IF(AND(IFERROR(--LEFT(AS30,FIND("-",AS30)-1),"")=AW30,IFERROR(--MID(AS30,FIND("-",AS30)+1,99),"")=AX30),10,5*(SIGN((IFERROR(--LEFT(AS30,FIND("-",AS30)-1),""))-(IFERROR(--MID(AS30,FIND("-",AS30)+1,99),"")))=SIGN((AW30)-(AX30)))+2*(((IFERROR(--LEFT(AS30,FIND("-",AS30)-1),""))-(IFERROR(--MID(AS30,FIND("-",AS30)+1,99),"")))=((AW30)-(AX30)))+2*((IFERROR(--LEFT(AS30,FIND("-",AS30)-1),""))=(AW30))+2*((IFERROR(--MID(AS30,FIND("-",AS30)+1,99),""))=(AX30))),"")) -> 7 | AU30: 1-0 | AV30: =IF(OR($C30="",AU30=""),"",IFERROR(IF(AND(IFERROR(--LEFT(AU30,FIND("-",AU30)-1),"")=AW30,IFERROR(--MID(AU30,FIND("-",AU30)+1,99),"")=AX30),10,5*(SIGN((IFERROR(--LEFT(AU30,FIND("-",AU30)-1),""))-(IFERROR(--MID(AU30,FIND("-",AU30)+1,99),"")))=SIGN((AW30)-(AX30)))+2*(((IFERROR(--LEFT(AU30,FIND("-",AU30)-1),""))-(IFERROR(--MID(AU30,FIND("-",AU30)+1,99),"")))=((AW30)-(AX30)))+2*((IFERROR(--LEFT(AU30,FIND("-",AU30)-1),""))=(AW30))+2*((IFERROR(--MID(AU30,FIND("-",AU30)+1,99),""))=(AX30))),"")) -> 0 | AW30: =IF($C30="","",IFERROR(--LEFT($C30,FIND("-",$C30)-1),"")) -> 2 | AX30: =IF($C30="","",IFERROR(--MID($C30,FIND("-",$C30)+1,99),"")) -> 2
A31: 1.875 | B31: Frankrijk | C31: 3-1 | D31: Senegal | E31: 2-1 | F31: =IF(OR($C31="",E31=""),"",IFERROR(IF(AND(IFERROR(--LEFT(E31,FIND("-",E31)-1),"")=AW31,IFERROR(--MID(E31,FIND("-",E31)+1,99),"")=AX31),10,5*(SIGN((IFERROR(--LEFT(E31,FIND("-",E31)-1),""))-(IFERROR(--MID(E31,FIND("-",E31)+1,99),"")))=SIGN((AW31)-(AX31)))+2*(((IFERROR(--LEFT(E31,FIND("-",E31)-1),""))-(IFERROR(--MID(E31,FIND("-",E31)+1,99),"")))=((AW31)-(AX31)))+2*((IFERROR(--LEFT(E31,FIND("-",E31)-1),""))=(AW31))+2*((IFERROR(--MID(E31,FIND("-",E31)+1,99),""))=(AX31))),"")) -> 7 | G31: 2-0 | H31: =IF(OR($C31="",G31=""),"",IFERROR(IF(AND(IFERROR(--LEFT(G31,FIND("-",G31)-1),"")=AW31,IFERROR(--MID(G31,FIND("-",G31)+1,99),"")=AX31),10,5*(SIGN((IFERROR(--LEFT(G31,FIND("-",G31)-1),""))-(IFERROR(--MID(G31,FIND("-",G31)+1,99),"")))=SIGN((AW31)-(AX31)))+2*(((IFERROR(--LEFT(G31,FIND("-",G31)-1),""))-(IFERROR(--MID(G31,FIND("-",G31)+1,99),"")))=((AW31)-(AX31)))+2*((IFERROR(--LEFT(G31,FIND("-",G31)-1),""))=(AW31))+2*((IFERROR(--MID(G31,FIND("-",G31)+1,99),""))=(AX31))),"")) -> 7 | I31: 2-0 | J31: =IF(OR($C31="",I31=""),"",IFERROR(IF(AND(IFERROR(--LEFT(I31,FIND("-",I31)-1),"")=AW31,IFERROR(--MID(I31,FIND("-",I31)+1,99),"")=AX31),10,5*(SIGN((IFERROR(--LEFT(I31,FIND("-",I31)-1),""))-(IFERROR(--MID(I31,FIND("-",I31)+1,99),"")))=SIGN((AW31)-(AX31)))+2*(((IFERROR(--LEFT(I31,FIND("-",I31)-1),""))-(IFERROR(--MID(I31,FIND("-",I31)+1,99),"")))=((AW31)-(AX31)))+2*((IFERROR(--LEFT(I31,FIND("-",I31)-1),""))=(AW31))+2*((IFERROR(--MID(I31,FIND("-",I31)+1,99),""))=(AX31))),"")) -> 7 | K31: 5-2 | L31: =IF(OR($C31="",K31=""),"",IFERROR(IF(AND(IFERROR(--LEFT(K31,FIND("-",K31)-1),"")=AW31,IFERROR(--MID(K31,FIND("-",K31)+1,99),"")=AX31),10,5*(SIGN((IFERROR(--LEFT(K31,FIND("-",K31)-1),""))-(IFERROR(--MID(K31,FIND("-",K31)+1,99),"")))=SIGN((AW31)-(AX31)))+2*(((IFERROR(--LEFT(K31,FIND("-",K31)-1),""))-(IFERROR(--MID(K31,FIND("-",K31)+1,99),"")))=((AW31)-(AX31)))+2*((IFERROR(--LEFT(K31,FIND("-",K31)-1),""))=(AW31))+2*((IFERROR(--MID(K31,FIND("-",K31)+1,99),""))=(AX31))),"")) -> 5 | M31: 3-2 | N31: =IF(OR($C31="",M31=""),"",IFERROR(IF(AND(IFERROR(--LEFT(M31,FIND("-",M31)-1),"")=AW31,IFERROR(--MID(M31,FIND("-",M31)+1,99),"")=AX31),10,5*(SIGN((IFERROR(--LEFT(M31,FIND("-",M31)-1),""))-(IFERROR(--MID(M31,FIND("-",M31)+1,99),"")))=SIGN((AW31)-(AX31)))+2*(((IFERROR(--LEFT(M31,FIND("-",M31)-1),""))-(IFERROR(--MID(M31,FIND("-",M31)+1,99),"")))=((AW31)-(AX31)))+2*((IFERROR(--LEFT(M31,FIND("-",M31)-1),""))=(AW31))+2*((IFERROR(--MID(M31,FIND("-",M31)+1,99),""))=(AX31))),"")) -> 7 | O31: 2-0 | P31: =IF(OR($C31="",O31=""),"",IFERROR(IF(AND(IFERROR(--LEFT(O31,FIND("-",O31)-1),"")=AW31,IFERROR(--MID(O31,FIND("-",O31)+1,99),"")=AX31),10,5*(SIGN((IFERROR(--LEFT(O31,FIND("-",O31)-1),""))-(IFERROR(--MID(O31,FIND("-",O31)+1,99),"")))=SIGN((AW31)-(AX31)))+2*(((IFERROR(--LEFT(O31,FIND("-",O31)-1),""))-(IFERROR(--MID(O31,FIND("-",O31)+1,99),"")))=((AW31)-(AX31)))+2*((IFERROR(--LEFT(O31,FIND("-",O31)-1),""))=(AW31))+2*((IFERROR(--MID(O31,FIND("-",O31)+1,99),""))=(AX31))),"")) -> 7 | Q31: 3-0 | R31: =IF(OR($C31="",Q31=""),"",IFERROR(IF(AND(IFERROR(--LEFT(Q31,FIND("-",Q31)-1),"")=AW31,IFERROR(--MID(Q31,FIND("-",Q31)+1,99),"")=AX31),10,5*(SIGN((IFERROR(--LEFT(Q31,FIND("-",Q31)-1),""))-(IFERROR(--MID(Q31,FIND("-",Q31)+1,99),"")))=SIGN((AW31)-(AX31)))+2*(((IFERROR(--LEFT(Q31,FIND("-",Q31)-1),""))-(IFERROR(--MID(Q31,FIND("-",Q31)+1,99),"")))=((AW31)-(AX31)))+2*((IFERROR(--LEFT(Q31,FIND("-",Q31)-1),""))=(AW31))+2*((IFERROR(--MID(Q31,FIND("-",Q31)+1,99),""))=(AX31))),"")) -> 7 | S31: 4-0 | T31: =IF(OR($C31="",S31=""),"",IFERROR(IF(AND(IFERROR(--LEFT(S31,FIND("-",S31)-1),"")=AW31,IFERROR(--MID(S31,FIND("-",S31)+1,99),"")=AX31),10,5*(SIGN((IFERROR(--LEFT(S31,FIND("-",S31)-1),""))-(IFERROR(--MID(S31,FIND("-",S31)+1,99),"")))=SIGN((AW31)-(AX31)))+2*(((IFERROR(--LEFT(S31,FIND("-",S31)-1),""))-(IFERROR(--MID(S31,FIND("-",S31)+1,99),"")))=((AW31)-(AX31)))+2*((IFERROR(--LEFT(S31,FIND("-",S31)-1),""))=(AW31))+2*((IFERROR(--MID(S31,FIND("-",S31)+1,99),""))=(AX31))),"")) -> 5 | U31: 2-1 | V31: =IF(OR($C31="",U31=""),"",IFERROR(IF(AND(IFERROR(--LEFT(U31,FIND("-",U31)-1),"")=AW31,IFERROR(--MID(U31,FIND("-",U31)+1,99),"")=AX31),10,5*(SIGN((IFERROR(--LEFT(U31,FIND("-",U31)-1),""))-(IFERROR(--MID(U31,FIND("-",U31)+1,99),"")))=SIGN((AW31)-(AX31)))+2*(((IFERROR(--LEFT(U31,FIND("-",U31)-1),""))-(IFERROR(--MID(U31,FIND("-",U31)+1,99),"")))=((AW31)-(AX31)))+2*((IFERROR(--LEFT(U31,FIND("-",U31)-1),""))=(AW31))+2*((IFERROR(--MID(U31,FIND("-",U31)+1,99),""))=(AX31))),"")) -> 7 | W31: 2-1 | X31: =IF(OR($C31="",W31=""),"",IFERROR(IF(AND(IFERROR(--LEFT(W31,FIND("-",W31)-1),"")=AW31,IFERROR(--MID(W31,FIND("-",W31)+1,99),"")=AX31),10,5*(SIGN((IFERROR(--LEFT(W31,FIND("-",W31)-1),""))-(IFERROR(--MID(W31,FIND("-",W31)+1,99),"")))=SIGN((AW31)-(AX31)))+2*(((IFERROR(--LEFT(W31,FIND("-",W31)-1),""))-(IFERROR(--MID(W31,FIND("-",W31)+1,99),"")))=((AW31)-(AX31)))+2*((IFERROR(--LEFT(W31,FIND("-",W31)-1),""))=(AW31))+2*((IFERROR(--MID(W31,FIND("-",W31)+1,99),""))=(AX31))),"")) -> 7 | Y31: 2-1 | Z31: =IF(OR($C31="",Y31=""),"",IFERROR(IF(AND(IFERROR(--LEFT(Y31,FIND("-",Y31)-1),"")=AW31,IFERROR(--MID(Y31,FIND("-",Y31)+1,99),"")=AX31),10,5*(SIGN((IFERROR(--LEFT(Y31,FIND("-",Y31)-1),""))-(IFERROR(--MID(Y31,FIND("-",Y31)+1,99),"")))=SIGN((AW31)-(AX31)))+2*(((IFERROR(--LEFT(Y31,FIND("-",Y31)-1),""))-(IFERROR(--MID(Y31,FIND("-",Y31)+1,99),"")))=((AW31)-(AX31)))+2*((IFERROR(--LEFT(Y31,FIND("-",Y31)-1),""))=(AW31))+2*((IFERROR(--MID(Y31,FIND("-",Y31)+1,99),""))=(AX31))),"")) -> 7 | AA31: 3-2 | AB31: =IF(OR($C31="",AA31=""),"",IFERROR(IF(AND(IFERROR(--LEFT(AA31,FIND("-",AA31)-1),"")=AW31,IFERROR(--MID(AA31,FIND("-",AA31)+1,99),"")=AX31),10,5*(SIGN((IFERROR(--LEFT(AA31,FIND("-",AA31)-1),""))-(IFERROR(--MID(AA31,FIND("-",AA31)+1,99),"")))=SIGN((AW31)-(AX31)))+2*(((IFERROR(--LEFT(AA31,FIND("-",AA31)-1),""))-(IFERROR(--MID(AA31,FIND("-",AA31)+1,99),"")))=((AW31)-(AX31)))+2*((IFERROR(--LEFT(AA31,FIND("-",AA31)-1),""))=(AW31))+2*((IFERROR(--MID(AA31,FIND("-",AA31)+1,99),""))=(AX31))),"")) -> 7 | AC31: 5-2 | AD31: =IF(OR($C31="",AC31=""),"",IFERROR(IF(AND(IFERROR(--LEFT(AC31,FIND("-",AC31)-1),"")=AW31,IFERROR(--MID(AC31,FIND("-",AC31)+1,99),"")=AX31),10,5*(SIGN((IFERROR(--LEFT(AC31,FIND("-",AC31)-1),""))-(IFERROR(--MID(AC31,FIND("-",AC31)+1,99),"")))=SIGN((AW31)-(AX31)))+2*(((IFERROR(--LEFT(AC31,FIND("-",AC31)-1),""))-(IFERROR(--MID(AC31,FIND("-",AC31)+1,99),"")))=((AW31)-(AX31)))+2*((IFERROR(--LEFT(AC31,FIND("-",AC31)-1),""))=(AW31))+2*((IFERROR(--MID(AC31,FIND("-",AC31)+1,99),""))=(AX31))),"")) -> 5 | AE31: 3-1 | AF31: =IF(OR($C31="",AE31=""),"",IFERROR(IF(AND(IFERROR(--LEFT(AE31,FIND("-",AE31)-1),"")=AW31,IFERROR(--MID(AE31,FIND("-",AE31)+1,99),"")=AX31),10,5*(SIGN((IFERROR(--LEFT(AE31,FIND("-",AE31)-1),""))-(IFERROR(--MID(AE31,FIND("-",AE31)+1,99),"")))=SIGN((AW31)-(AX31)))+2*(((IFERROR(--LEFT(AE31,FIND("-",AE31)-1),""))-(IFERROR(--MID(AE31,FIND("-",AE31)+1,99),"")))=((AW31)-(AX31)))+2*((IFERROR(--LEFT(AE31,FIND("-",AE31)-1),""))=(AW31))+2*((IFERROR(--MID(AE31,FIND("-",AE31)+1,99),""))=(AX31))),"")) -> 10 | AG31: 3-1 | AH31: =IF(OR($C31="",AG31=""),"",IFERROR(IF(AND(IFERROR(--LEFT(AG31,FIND("-",AG31)-1),"")=AW31,IFERROR(--MID(AG31,FIND("-",AG31)+1,99),"")=AX31),10,5*(SIGN((IFERROR(--LEFT(AG31,FIND("-",AG31)-1),""))-(IFERROR(--MID(AG31,FIND("-",AG31)+1,99),"")))=SIGN((AW31)-(AX31)))+2*(((IFERROR(--LEFT(AG31,FIND("-",AG31)-1),""))-(IFERROR(--MID(AG31,FIND("-",AG31)+1,99),"")))=((AW31)-(AX31)))+2*((IFERROR(--LEFT(AG31,FIND("-",AG31)-1),""))=(AW31))+2*((IFERROR(--MID(AG31,FIND("-",AG31)+1,99),""))=(AX31))),"")) -> 10 | AI31: 3-0 | AJ31: =IF(OR($C31="",AI31=""),"",IFERROR(IF(AND(IFERROR(--LEFT(AI31,FIND("-",AI31)-1),"")=AW31,IFERROR(--MID(AI31,FIND("-",AI31)+1,99),"")=AX31),10,5*(SIGN((IFERROR(--LEFT(AI31,FIND("-",AI31)-1),""))-(IFERROR(--MID(AI31,FIND("-",AI31)+1,99),"")))=SIGN((AW31)-(AX31)))+2*(((IFERROR(--LEFT(AI31,FIND("-",AI31)-1),""))-(IFERROR(--MID(AI31,FIND("-",AI31)+1,99),"")))=((AW31)-(AX31)))+2*((IFERROR(--LEFT(AI31,FIND("-",AI31)-1),""))=(AW31))+2*((IFERROR(--MID(AI31,FIND("-",AI31)+1,99),""))=(AX31))),"")) -> 7 | AK31: 3-1 | AL31: =IF(OR($C31="",AK31=""),"",IFERROR(IF(AND(IFERROR(--LEFT(AK31,FIND("-",AK31)-1),"")=AW31,IFERROR(--MID(AK31,FIND("-",AK31)+1,99),"")=AX31),10,5*(SIGN((IFERROR(--LEFT(AK31,FIND("-",AK31)-1),""))-(IFERROR(--MID(AK31,FIND("-",AK31)+1,99),"")))=SIGN((AW31)-(AX31)))+2*(((IFERROR(--LEFT(AK31,FIND("-",AK31)-1),""))-(IFERROR(--MID(AK31,FIND("-",AK31)+1,99),"")))=((AW31)-(AX31)))+2*((IFERROR(--LEFT(AK31,FIND("-",AK31)-1),""))=(AW31))+2*((IFERROR(--MID(AK31,FIND("-",AK31)+1,99),""))=(AX31))),"")) -> 10 | AM31: 3-2 | AN31: =IF(OR($C31="",AM31=""),"",IFERROR(IF(AND(IFERROR(--LEFT(AM31,FIND("-",AM31)-1),"")=AW31,IFERROR(--MID(AM31,FIND("-",AM31)+1,99),"")=AX31),10,5*(SIGN((IFERROR(--LEFT(AM31,FIND("-",AM31)-1),""))-(IFERROR(--MID(AM31,FIND("-",AM31)+1,99),"")))=SIGN((AW31)-(AX31)))+2*(((IFERROR(--LEFT(AM31,FIND("-",AM31)-1),""))-(IFERROR(--MID(AM31,FIND("-",AM31)+1,99),"")))=((AW31)-(AX31)))+2*((IFERROR(--LEFT(AM31,FIND("-",AM31)-1),""))=(AW31))+2*((IFERROR(--MID(AM31,FIND("-",AM31)+1,99),""))=(AX31))),"")) -> 7 | AO31: 3-1 | AP31: =IF(OR($C31="",AO31=""),"",IFERROR(IF(AND(IFERROR(--LEFT(AO31,FIND("-",AO31)-1),"")=AW31,IFERROR(--MID(AO31,FIND("-",AO31)+1,99),"")=AX31),10,5*(SIGN((IFERROR(--LEFT(AO31,FIND("-",AO31)-1),""))-(IFERROR(--MID(AO31,FIND("-",AO31)+1,99),"")))=SIGN((AW31)-(AX31)))+2*(((IFERROR(--LEFT(AO31,FIND("-",AO31)-1),""))-(IFERROR(--MID(AO31,FIND("-",AO31)+1,99),"")))=((AW31)-(AX31)))+2*((IFERROR(--LEFT(AO31,FIND("-",AO31)-1),""))=(AW31))+2*((IFERROR(--MID(AO31,FIND("-",AO31)+1,99),""))=(AX31))),"")) -> 10 | AQ31: 4-1 | AR31: =IF(OR($C31="",AQ31=""),"",IFERROR(IF(AND(IFERROR(--LEFT(AQ31,FIND("-",AQ31)-1),"")=AW31,IFERROR(--MID(AQ31,FIND("-",AQ31)+1,99),"")=AX31),10,5*(SIGN((IFERROR(--LEFT(AQ31,FIND("-",AQ31)-1),""))-(IFERROR(--MID(AQ31,FIND("-",AQ31)+1,99),"")))=SIGN((AW31)-(AX31)))+2*(((IFERROR(--LEFT(AQ31,FIND("-",AQ31)-1),""))-(IFERROR(--MID(AQ31,FIND("-",AQ31)+1,99),"")))=((AW31)-(AX31)))+2*((IFERROR(--LEFT(AQ31,FIND("-",AQ31)-1),""))=(AW31))+2*((IFERROR(--MID(AQ31,FIND("-",AQ31)+1,99),""))=(AX31))),"")) -> 7 | AS31: 2-0 | AT31: =IF(OR($C31="",AS31=""),"",IFERROR(IF(AND(IFERROR(--LEFT(AS31,FIND("-",AS31)-1),"")=AW31,IFERROR(--MID(AS31,FIND("-",AS31)+1,99),"")=AX31),10,5*(SIGN((IFERROR(--LEFT(AS31,FIND("-",AS31)-1),""))-(IFERROR(--MID(AS31,FIND("-",AS31)+1,99),"")))=SIGN((AW31)-(AX31)))+2*(((IFERROR(--LEFT(AS31,FIND("-",AS31)-1),""))-(IFERROR(--MID(AS31,FIND("-",AS31)+1,99),"")))=((AW31)-(AX31)))+2*((IFERROR(--LEFT(AS31,FIND("-",AS31)-1),""))=(AW31))+2*((IFERROR(--MID(AS31,FIND("-",AS31)+1,99),""))=(AX31))),"")) -> 7 | AU31: 2-1 | AV31: =IF(OR($C31="",AU31=""),"",IFERROR(IF(AND(IFERROR(--LEFT(AU31,FIND("-",AU31)-1),"")=AW31,IFERROR(--MID(AU31,FIND("-",AU31)+1,99),"")=AX31),10,5*(SIGN((IFERROR(--LEFT(AU31,FIND("-",AU31)-1),""))-(IFERROR(--MID(AU31,FIND("-",AU31)+1,99),"")))=SIGN((AW31)-(AX31)))+2*(((IFERROR(--LEFT(AU31,FIND("-",AU31)-1),""))-(IFERROR(--MID(AU31,FIND("-",AU31)+1,99),"")))=((AW31)-(AX31)))+2*((IFERROR(--LEFT(AU31,FIND("-",AU31)-1),""))=(AW31))+2*((IFERROR(--MID(AU31,FIND("-",AU31)+1,99),""))=(AX31))),"")) -> 7 | AW31: =IF($C31="","",IFERROR(--LEFT($C31,FIND("-",$C31)-1),"")) -> 3 | AX31: =IF($C31="","",IFERROR(--MID($C31,FIND("-",$C31)+1,99),"")) -> 1
AR32: =IF(OR($C32="",AQ32=""),"",IFERROR(IF(AND(IFERROR(--LEFT(AQ32,FIND("-",AQ32)-1),"")=AW32,IFERROR(--MID(AQ32,FIND("-",AQ32)+1,99),"")=AX32),10,5*(SIGN((IFERROR(--LEFT(AQ32,FIND("-",AQ32)-1),""))-(IFERROR(--MID(AQ32,FIND("-",AQ32)+1,99),"")))=SIGN((AW32)-(AX32)))+2*(((IFERROR(--LEFT(AQ32,FIND("-",AQ32)-1),""))-(IFERROR(--MID(AQ32,FIND("-",AQ32)+1,99),"")))=((AW32)-(AX32)))+2*((IFERROR(--LEFT(AQ32,FIND("-",AQ32)-1),""))=(AW32))+2*((IFERROR(--MID(AQ32,FIND("-",AQ32)+1,99),""))=(AX32))),"")) | AT32: =IF(OR($C32="",AS32=""),"",IFERROR(IF(AND(IFERROR(--LEFT(AS32,FIND("-",AS32)-1),"")=AW32,IFERROR(--MID(AS32,FIND("-",AS32)+1,99),"")=AX32),10,5*(SIGN((IFERROR(--LEFT(AS32,FIND("-",AS32)-1),""))-(IFERROR(--MID(AS32,FIND("-",AS32)+1,99),"")))=SIGN((AW32)-(AX32)))+2*(((IFERROR(--LEFT(AS32,FIND("-",AS32)-1),""))-(IFERROR(--MID(AS32,FIND("-",AS32)+1,99),"")))=((AW32)-(AX32)))+2*((IFERROR(--LEFT(AS32,FIND("-",AS32)-1),""))=(AW32))+2*((IFERROR(--MID(AS32,FIND("-",AS32)+1,99),""))=(AX32))),""))
A33: woensdag 17 juni 2026
